Committee ID,Committee FEC Name,Associated candidate and district,112th-118th Congress: Number of Life at Conception cosponsorships,Life at Conception 118th Congress cosponsor,Life at Conception 117th Congress cosponsor,Life at Conception 116th Congress cosponsor,Life at Conception 115th Congress cosponsor,Life at Conception 114th Congress cosponsor,Life at Conception 113th Congress cosponsor,Life at Conception 112th Congress cosponsor,Voted against certifying 2020 election,RSC Member,Voted to repeal ACA (American Health Care Act),PACT Act,Mifepristone amicus brief,Election overturn amicus brief,Voted against Bipartisan Infrastructure Law,Voted against the PRO Act,Voted for Tax Cuts and Jobs Act,Voted against Inflation Reduction Act
C00608695,MIKE JOHNSON FOR LOUISIANA,Mike Johnson (LA-04),4,1,1,1,1,,,,1,1,1,1,,1,1,1,1,1
C00639229,AMERICAN REVIVAL PAC,Mike Johnson (LA-04),4,1,1,1,1,,,,1,1,1,1,,1,1,1,1,1
C00326439,HOUSE CONSERVATIVES FUND,Mike Johnson (LA-04) Jim Banks (IN-03) Ben Cline (VA-06),11,3,3,3,2,0,0,0,1,3,1,1,1,1,1,1,1,1
C00487942,REACHING FOR A BRIGHTER AMERICA PAC,Robert B. Aderholt (AL-04),6,1,1,1,1,1,1,,1,1,1,,1,1,1,1,1,1
C00313247,ROBERT ADERHOLT FOR CONGRESS,Robert B. Aderholt (AL-04),6,1,1,1,1,1,1,,1,1,1,,1,1,1,1,1,1
C00260547,BACHUS FOR CONGRESS COMMITTEE,Spencer Bachus (former AL-06),2,,,,,,1,1,,,,,,,,,,
C00388793,GROWTH AND PROSPERITY POLITICAL ACTION COMMITTEE,Spencer Bachus (former AL-06),2,,,,,,1,1,,,,,,,,,,
C00375220,JO BONNER FOR CONGRESS COMMITTEE,Jo Bonner (former AL-01),1,,,,,,,1,,,,,,,,,,
C00524611,MAKE OPPORTUNITY POLITICAL ACTION COMMITTEE,Mo Brooks (former AL-05),4,,1,1,1,,,1,1,,1,1,,1,1,1,,1
C00464149,MO BROOKS FOR CONGRESS,Mo Brooks (former AL-05),4,,1,1,1,,,1,1,,1,1,,1,1,1,,1
C00545673,BYRNE FOR CONGRESS,Bradley Byrne (former AL-01),4,,,1,1,1,1,,,,1,,,1,,,1,
C00559633,BRINGING YELLOWHAMMER REPUBLICANS NEW ENERGY (BYRNE PAC),Bradley Byrne (former AL-01),4,,,1,1,1,1,,,,1,,,1,,,1,
C00752287,CONSERVATIVE AMERICAN REPUBLICAN LEADERSHIP PAC,Jerry Carl (AL-01),2,1,1,,,,,,1,1,,,1,,1,1,,
C00697789,JERRY CARL FOR CONGRESS,Jerry Carl (AL-01),2,1,1,,,,,,1,1,,,1,,1,1,,
C00784868,TRUSTWORTHY REPUBLICANS ALWAYS SERVE HUMBLY,Barry Moore (AL-02),2,1,1,,,,,,1,1,,,1,,1,1,,1
C00720375,BARRY MOORE FOR CONGRESS,Barry Moore (AL-02),2,1,1,,,,,,1,1,,,1,,1,1,,1
C00585893,CONSERVATIVE PROMISES PAC,Gary Palmer (AL-06),5,1,1,1,1,1,,,1,1,1,1,1,1,1,1,1,1
C00551374,GARY PALMER FOR CONGRESS,Gary Palmer (AL-06),5,1,1,1,1,1,,,1,1,1,1,1,1,1,1,1,1
C00462143,MARTHA ROBY FOR CONGRESS,Martha Roby (former AL-02),4,,,1,1,1,,1,,,1,,,,,,1,
C00527309,MARTHA PAC,Martha Roby (former AL-02),4,,,1,1,1,,1,,,1,,,,,,1,
C00439521,AMERICAN SECURITY PAC,Mike Rogers (AL-03),6,1,1,1,1,1,1,,1,1,1,1,,1,1,1,1,
C00367862,MIKE ROGERS FOR CONGRESS,Mike Rogers (AL-03),6,1,1,1,1,1,1,,1,1,1,1,,1,1,1,1,
C00823500,SECURING THE REPUBLIC FOR OUR NEXT GENERATION,Dale Strong (AL-05),1,1,,,,,,,,1,,,1,,,,,
C00774281,DALE STRONG FOR CONGRESS,Dale Strong (AL-05),1,1,,,,,,,,1,,,1,,,,,
C00345199,MIDNIGHT SUN POLITICAL ACTION COMMITTEE,Don Young (Formerly AK-AL),4,,1,1,1,1,,,,,1,,,,,,1,
C00012229,ALASKANS FOR DON YOUNG,Don Young (Formerly AK-AL),4,,1,1,1,1,,,,,1,,,,,,1,
C00633164,BUILDING INNOVATIVE GOOD GOVERNMENT SOLUTIONS PAC,Andy Biggs (AZ-05),4,1,1,1,1,,,,1,,,1,1,1,1,1,1,1
C00610451,BIGGS FOR CONGRESS,Andy Biggs (AZ-05),4,1,1,1,1,,,,1,,,1,1,1,1,1,1,1
C00827675,TRIDENT POLITICAL ACTION COMMITTEE,Elijah Crane (AZ-02),1,1,,,,,,,,,,,1,,,,,
C00784934,ELI CRANE FOR CONGRESS,Elijah Crane (AZ-02),1,1,,,,,,,,,,,1,,,,,
C00775007,CRANE FOR AZ-02,Elijah Crane (AZ-02),1,1,,,,,,,,,,,1,,,,,
C00367110,COMMITTEE TO RE-ELECT TRENT FRANKS TO CONGRESS,Trent Franks (former AZ-08),4,,,,1,1,1,1,,,1,,,,,,,
C00463331,DEFENDING AMERICA'S FUTURE,Trent Franks (former AZ-08),4,,,,1,1,1,1,,,1,,,,,,,
C00563247,PROTECTING AMERICA UNDER LAW POLITICAL ACTION COMMITTEE,Paul Gosar (AZ-09),7,1,1,1,1,1,1,1,1,1,1,,1,,1,1,1,1
C00461806,GOSAR FOR CONGRESS,Paul Gosar (AZ-09),7,1,1,1,1,1,1,1,1,1,1,,1,,1,1,1,1
C00681643,DELIVER. EXCEL. BELIEVE. PAC,Debbie Lesko (AZ-08),4,1,1,1,1,,,,1,1,,1,1,1,1,1,,1
C00663914,DEBBIE LESKO FOR CONGRESS,Debbie Lesko (AZ-08),4,1,1,1,1,,,,1,1,,1,1,1,1,1,,1
C00574376,THUNDERBOLT PAC,McSally (AZ),0,,,,,,,,,,1,,,,,,1,
C00512236,MCSALLY FOR CONGRESS,McSally (AZ),0,,,,,,,,,,1,,,,,,1,
C00534032,SAFEGUARDING AMERICAN LIBERTIES MORALS & OPPORTUNITIES NOW (SALMON) PAC,Matt Salmon (former AZ-05),2,,,,,1,1,,,,,,,,,,,
C00495630,SALMON FOR CONGRESS,Matt Salmon (former AZ-05),2,,,,,1,1,,,,,,,,,,,
C00497594,DEFENDING AMERICA'S VALUES EVERYWHERE,David Schweikert (AZ-01),6,,1,1,1,1,1,1,1,1,1,1,,,1,1,1,1
C00540617,FRIENDS OF DAVID SCHWEIKERT,David Schweikert (AZ-01),6,,1,1,1,1,1,1,1,1,1,1,,,1,1,1,1
C00822833,DEFENDING THE AMERICAN DREAM PAC,Juan Ciscomani (AZ-06),0,,,,,,,,,1,,,,,,,,
C00786194,CISCOMANI FOR CONGRESS,Juan Ciscomani (AZ-06),0,,,,,,,,,1,,,,,,,,
C00798645,CISCOMANI FOR AZ-06,Juan Ciscomani (AZ-06),0,,,,,,,,,1,,,,,,,,
C00570770,RURAL AMERICA COUNTS PAC,Rick Crawford (AR-01),5,1,1,,,1,1,1,1,,1,1,,1,1,1,1,1
C00462374,CRAWFORD FOR CONGRESS,Rick Crawford (AR-01),5,1,1,,,1,1,1,1,,1,1,,1,1,1,1,1
C00499988,COTTON FOR CONGRESS,Tom Cotton (former AR-04),1,,,,,,1,,,,,,,,,,,
C00296640,REPUBLICAN MAJORITY FUND,Tom Cotton (former AR-04),1,,,,,,1,,,,,,,,,,,
C00764878,REPUBLICAN MAJORITY FUND: STATE AND LOCAL,Tom Cotton (former AR-04),1,,,,,,1,,,,,,,,,,,
C00607721,LAND OF OPPORTUNITY PAC,Bruce Westerman (AR-04),5,1,1,1,1,1,,,,1,1,1,1,1,1,1,1,1
C00548180,WESTERMAN FOR CONGRESS,Bruce Westerman (AR-04),5,1,1,1,1,1,,,,1,1,1,1,1,1,1,1,1
C00493361,RAZOR PAC,Steve Womack (AR-03),6,,1,1,1,1,1,1,,,1,,,,1,1,1,1
C00477745,WOMACK FOR CONGRESS COMMITTEE,Steve Womack (AR-03),6,,1,1,1,1,1,1,,,1,,,,1,1,1,1
C00623512,IN THE ARENA PAC,J. French Hill (AR-02),0,,,,,,,,,1,1,,1,,1,1,1,1
C00551275,FRENCH HILL FOR ARKANSAS,J. French Hill (AR-02),0,,,,,,,,,1,1,,1,,1,1,1,1
C00390161,EUREKA POLITICAL ACTION COMMITTEE,Ken Calvert (CA-41),0,,,,,,,,1,,1,,,1,1,1,1,1
C00257337,KEN CALVERT FOR CONGRESS COMMITTEE,Ken Calvert (CA-41),0,,,,,,,,1,,1,,,1,1,1,1,1
C00544262,SEMPER FI PAC,Cook (CA),0,,,,,,,,,,1,,,,,,1,
C00512202,PAUL COOK FOR CONGRESS,Cook (CA),0,,,,,,,,,,1,,,,,,1,
C00817452,C4 PAC,Connie Conway (CA-22),1,,1,,,,,,,,,1,,,,,,1
C00801050,CONNIE CONWAY FOR CONGRESS,Connie Conway (CA-22),1,,1,,,,,,,,,1,,,,,,1
C00489112,JEFF PAC,Jeff Denham (former CA-10),3,,,,,1,1,1,,,1,,,,,,1,
C00473272,DENHAM FOR CONGRESS,Jeff Denham (former CA-10),3,,,,,1,1,1,,,1,,,,,,1,
C00742346,GET AMERICA RIGHT: COMMUNITY IN ACTION - GARCIA PAC,Mike Garcia (CA-27),2,,1,1,,,,,1,1,,,,,1,1,,1
C00701102,MIKE GARCIA FOR CONGRESS,Mike Garcia (CA-27),2,,1,1,,,,,1,1,,,,,1,1,,1
C00202523,WALLY HERGER FOR CONGRESS COMMITTEE,Wally Herger (former CA-02),1,,,,,,,1,,,,,,,,,,
C00442467,HELPING ENSURE RESPONSIBLE GOVERNMENT BY ELECTING REPUBLICANS (H.E.R.G.E.R. PAC),Wally Herger (former CA-02),1,,,,,,,1,,,,,,,,,,
C00525824,PEACE THROUGH STRENGTH PAC,Duncan Hunter (CA-50),5,,,1,1,1,1,1,,,1,,,,,,1,
C00433524,DUNCAN D. HUNTER FOR CONGRESS,Duncan Hunter (CA-50),5,,,1,1,1,1,1,,,1,,,,,,1,
C00729129,HUNTER DUNCAN COMMITTEE TO ELECT FOR CONGRESS,Duncan Hunter (CA-50),5,,,1,1,1,1,1,,,1,,,,,,1,
C00450320,INVEST IN A STRONG AND SECURE AMERICA,Darrell Issa (CA-48),2,1,1,,,,,,1,1,1,,,,1,1,,1
C00721332,DARRELL ISSA FOR CONGRESS,Darrell Issa (CA-48),2,1,1,,,,,,1,1,1,,,,1,1,,1
C00554014,STEVE KNIGHT FOR CONGRESS,Stephen Knight (CA-25),2,,,,1,1,,,,,1,,,,,,1,
C00652180,DOUBLE EAGLE PAC,Stephen Knight (CA-25),2,,,,1,1,,,,,1,,,,,,1,
C00576249,NORCAL WATER JOBS LIBERTY PAC,Doug LaMalfa (CA-01),6,1,1,1,1,1,1,,1,1,1,,,1,1,1,1,1
C00509422,DOUG LAMALFA COMMITTEE,Doug LaMalfa (CA-01),6,1,1,1,1,1,1,,1,1,1,,,1,1,1,1,1
C00428052,MAJORITY COMMITTEE PAC--MC PAC,Kevin McCarthy (former CA-20),0,,,,,,,,1,,1,1,,1,1,1,1,1
C00420935,KEVIN MCCARTHY FOR CONGRESS,Kevin McCarthy (former CA-20),0,,,,,,,,1,,1,1,,1,1,1,1,1
C00258244,BUCK MCKEON FOR CONGRESS,Howard McKeon (former CA-25),1,,,,,,,1,,,,,,,,,,
C00315747,21ST CENTURY PAC,Howard McKeon (former CA-25),1,,,,,,,1,,,,,,,,,,
C00331496,GARY MILLER FOR CONGRESS,Gary Miller (former CA-42),1,,,,,,,1,,,,,,,,,,
C00427187,AMERICA FIRST POLITICAL ACTION COMMITTEE,Gary Miller (former CA-42),1,,,,,,,1,,,,,,,,,,
C00398750,FREEDOM FOR AMERICA (FFA PAC),Devin Nunes (former CA-22),2,,1,1,,,,,1,,1,,,,1,1,1,
C00370056,DEVIN NUNES CAMPAIGN COMMITTEE,Devin Nunes (former CA-22),2,,1,1,,,,,1,,1,,,,1,1,1,
C00818328,PAC FOR NEW LEADERSHIP,Kevin Kiley (CA-03),0,,,,,,,,,1,,,,,,,,
C00801985,KEVIN KILEY FOR CONGRESS,Kevin Kiley (CA-03),0,,,,,,,,,1,,,,,,,,
C00775023,KILEY FOR CA-03,Kevin Kiley (CA-03),0,,,,,,,,,1,,,,,,,,
C00683508,FOREVER YOUTH ORGANIZATION UTILIZING A NEW GENERATION PAC,Young Kim (CA-40),0,,,,,,,,,,,,,,1,1,,1
C00665638,YOUNG KIM FOR CONGRESS,Young Kim (CA-40),0,,,,,,,,,,,,,,1,1,,1
C00461137,TAKING OUR MAJORITY PAC (T.O.M.PAC),Tom McClintock (CA-05),3,,,1,1,1,,,,1,1,1,,1,1,1,1,1
C00446815,MCCLINTOCK FOR CONGRESS,Tom McClintock (CA-05),3,,,1,1,1,,,,1,1,1,,1,1,1,1,1
C00752790,JOBS AND THE ECONOMY PAC,Jay Obernolte (CA-23),0,,,,,,,,1,1,,,,,1,1,,1
C00720078,JAY OBERNOLTE FOR CONGRESS,Jay Obernolte (CA-23),0,,,,,,,,1,1,,,,,1,1,,1
C00613364,GIVE ME LIBERTY PAC,Rohrabacher (CA),0,,,,,,,,,,1,,,,,,,
C00224691,ROHRABACHER FOR CONGRESS,Rohrabacher (CA),0,,,,,,,,,,1,,,,,,,
C00200865,ROAD TO FREEDOM CAMPAIGN COMMITTEE,Royce (CA),0,,,,,,,,,,1,,,,,,1,
C00200865,ROYCE CAMPAIGN COMMITTEE,Royce (CA),0,,,,,,,,,,1,,,,,,1,
C00744532,SUPPORT TAXFIGHTERS & ELECT EFFECTIVE LEADERS PAC,Michelle Steel (CA-45),1,,1,,,,,,,,,,,,1,1,,1
C00704981,MICHELLE STEEL FOR CONGRESS,Michelle Steel (CA-45),1,,1,,,,,,,,,,,,1,1,,1
C00712695,VITORIA PAC,David Valadao (CA-21),1,,1,,,,,,,,1,,,,1,1,1,1
C00499392,VALADAO FOR CONGRESS,David Valadao (CA-21),1,,1,,,,,,,,1,,,,1,1,1,1
C00564658,MAKING INVESTMENTS MAJORITY INSURED PAC,Mimi Walters (CA),0,,,,,,,,,,1,,,,,,1,
C00546853,WALTERS FOR CONGRESS,Mimi Walters (CA),0,,,,,,,,,,1,,,,,,1,
C00764795,WE THE PEOPLE LEADERSHIP PAC,Lauren Boebert (CO-03),2,1,1,,,,,,1,1,,1,1,,1,1,,1
C00728238,LAUREN BOEBERT FOR CONGRESS,Lauren Boebert (CO-03),2,1,1,,,,,,1,1,,1,1,,1,1,,1
C00647206,ONE GENERATION,Ken Buck (CO-04),5,1,1,1,1,1,,,,,1,1,1,1,1,1,1,1
C00573378,BUCK PAC,Ken Buck (CO-04),5,1,1,1,1,1,,,,,1,1,1,1,1,1,1,1
C00629287,COFFMAN FOR CONGRESS 2018,Mike Coffman (former CO-06),,,,,,,,,,,,,,,,,1,
C00570457,COFFMAN FOR CONGRESS 2016,Mike Coffman (former CO-06),,,,,,,,,,,,,,,,,1,
C00659557,"COLORADANS FOR FAMILY, MILITARY, AND NATION PAC",Mike Coffman (former CO-06),,,,,,,,,,,,,,,,,1,
C00525543,PROJECT WEST POLITICAL ACTION COMMITTEE,"Cory Gardner (former CO-04, former CO-Sen)",2,,,,,,1,1,,,,,,,,,,
C00492454,GARDNER FOR CONGRESS 2012,"Cory Gardner (former CO-04, former CO-Sen)",2,,,,,,1,1,,,,,,,,,,
C00461749,GARDNER FOR CONGRESS,"Cory Gardner (former CO-04, former CO-Sen)",2,,,,,,1,1,,,,,,,,,,
C00531756,DOUGLASPAC-DOING OUR UTMOST FOR GOD LIBERTY AND SECURITY,Doug Lamborn (CO-05),7,1,1,1,1,1,1,1,1,1,1,1,1,1,1,1,1,1
C00420745,LAMBORN FOR CONGRESS,Doug Lamborn (CO-05),7,1,1,1,1,1,1,1,1,1,1,1,1,1,1,1,1,1
C00546325,TAKING AN INDEPENDENT PERSPECTIVE TOGETHER FOR OUR NATION PAC,Tipton (CO),0,,,,,,,,,,1,,,,,,1,
C00470757,VOTETIPTON.COM,Tipton (CO),0,,,,,,,,,,1,,,,,,1,
C00463877,SANDY ADAMS FOR CONGRESS,Sandy Adams (former FL-24),1,,,,,,,1,,,,,,,,,,
C00531517,GIVING US SECURITY POLITICAL ACTION COMMITTEE (GUS PAC),Gus Bilirakis (FL-12),7,1,1,1,1,1,1,1,,1,1,,1,1,1,1,1,1
C00408534,BILIRAKIS FOR CONGRESS,Gus Bilirakis (FL-12),7,1,1,1,1,1,1,1,,1,1,,1,1,1,1,1,1
C00756551,AMERICAN GRIT PAC,Kat Cammack (FL-03),2,1,1,,,,,,1,1,,,1,,1,1,,1
C00730895,KAT FOR CONGRESS,Kat Cammack (FL-03),2,1,1,,,,,,1,1,,,1,,1,1,,1
C00824938,BE AN AMERICAN PAC,Aaron Bean (FL-04),1,1,,,,,,,,1,,,,,,,,
C00816983,AARON BEAN FOR CONGRESS,Aaron Bean (FL-04),1,1,,,,,,,,1,,,,,,,,
C00818872,BEAN FOR FL-04,Aaron Bean (FL-04),1,1,,,,,,,,1,,,,,,,,
C00431403,VOTE TO ELECT REPUBLICANS NOW PAC (VERN PAC),Vern Buchanan (FL-16),0,,,,,,,,,1,1,1,,,1,1,1,1
C00412759,VERN BUCHANAN FOR CONGRESS,Vern Buchanan (FL-16),0,,,,,,,,,1,1,1,,,1,1,1,1
C00554972,CURT CLAWSON- THE OUTSIDER FOR CONGRESS COMMITTEE,Curt Clawson (former FL-19),1,,,,,1,,,,,,,,,,,,
C00571083,3 POINT LEADERSHIP FUND,Curt Clawson (former FL-19),1,,,,,1,,,,,,,,,,,,
C00546846,CARLOS CURBELO CONGRESS,Carlos Curbelo (FL),0,,,,,,,,,,1,,,,,,1,
C00571646,WHAT A COUNTRY! PAC,Carlos Curbelo (FL),0,,,,,,,,,,1,,,,,,1,
C00841148,GREAT AMERICAN COMEBACK,DeSantis (FL),0,,,,,,,,,,1,,,,,,1,
C00511568,RON DESANTIS FOR FLORIDA,DeSantis (FL),0,,,,,,,,,,1,,,,,,1,
C00565630,MAINTAINING ALL REPUBLICANS IN OFFICE PAC,Mario Diaz-Balart (FL-26),0,,,,,,,,1,,1,,,1,1,1,1,1
C00376087,MARIO DIAZ-BALART FOR CONGRESS,Mario Diaz-Balart (FL-26),0,,,,,,,,1,,1,,,1,1,1,1,1
C00755728,PROVEN CONSERVATIVES PAC,Byron Donalds (FL-19),1,,1,,,,,,1,1,,,,,1,1,,1
C00733329,BYRON DONALDS FOR CONGRESS,Byron Donalds (FL-19),1,,1,,,,,,1,1,,,,,1,1,,1
C00680405,DEFEND & UPHOLD OUR NATION NOW,Neal Dunn (FL-02),4,1,1,1,1,,,,1,1,1,1,,1,1,1,1,1
C00582304,FRIENDS OF NEAL DUNN,Neal Dunn (FL-02),4,1,1,1,1,,,,1,1,1,1,,1,1,1,1,1
C00770701,CEILING AND VISIBILITY UNLIMITED (CAVU PAC),Scott Franklin (FL-18),2,1,1,,,,,,1,1,,1,1,,1,1,,1
C00742247,SCOTT FRANKLIN FOR CONGRESS,Scott Franklin (FL-18),2,1,1,,,,,,1,1,,1,1,,1,1,,1
C00612432,FRIENDS OF MATT GAETZ,Matt Gaetz (FL-01),2,,,1,1,,,,1,,1,,,1,1,1,1,1
C00634196,PANHANDLE PAC,Matt Gaetz (FL-01),2,,,1,1,,,,1,,1,,,1,1,1,1,1
C00737270,LIBERTAD,Carlos Gimenez (FL-28),0,,,,,,,,1,1,,,,,1,1,,1
C00735985,CARLOS GIMENEZ FOR CONGRESS,Carlos Gimenez (FL-28),0,,,,,,,,1,1,,,,,1,1,,1
C00551572,FRIENDS OF DAVID JOLLY,David Jolly (former FL-13),2,,,,,1,1,,,,,,,,,,,
C00563338,SEAGRASS PAC,David Jolly (former FL-13),2,,,,,1,1,,,,,,,,,,,
C00825430,FLORIDA FREEDOM FUND PAC,Laurel Lee (FL-15),0,,,,,,,,,1,,,,,,,,
C00815373,"LAUREL LEE FOR CONGRESS, INC.",Laurel Lee (FL-15),0,,,,,,,,,1,,,,,,,,
C00818880,LEE FOR FL-15,Laurel Lee (FL-15),0,,,,,,,,,1,,,,,,,,
C00718239,ANNA PAULINA LUNA FOR CONGRESS,Anna Paulina Luna (FL-13),0,,,,,,,,,1,,,,,,,,
C00775098,LUNA FOR FL-13,Anna Paulina Luna (FL-13),0,,,,,,,,,1,,,,,,,,
C00583153,VALOR PAC,Brian Mast (FL-21),4,1,1,1,1,,,,1,1,1,,,,1,1,1,1
C00632257,MAST FOR CONGRESS,Brian Mast (FL-21),4,1,1,1,1,,,,1,1,1,,,,1,1,1,1
C00778449,RESTORE AMERICA'S VOICE PAC,Cory Mills (FL-07),0,,,,,,,,,1,,,,,,,,
C00774943,CORY MILLS FOR CONGRESS,Cory Mills (FL-07),0,,,,,,,,,1,,,,,,,,
C00775080,MILLS FOR FL-07,Cory Mills (FL-07),0,,,,,,,,,1,,,,,,,,
C00366757,JEFF MILLER FOR CONGRESS,Jeff Miller (former FL-01),2,,,,,1,1,,,,,,,,,,,
C00368571,ADVANCE THE MAJORITY POLITICAL ACTION COMMITTEE,Jeff Miller (former FL-01),2,,,,,1,1,,,,,,,,,,,
C00283051,MICA FOR CONGRESS,John Mica (former FL-07),3,,,,,1,1,1,,,,,,,,,,
C00482281,FRIENDS OF RICH NUGENT,Richard Nugent (former FL-11),2,,,,,1,1,,,,,,,,,,,
C00471813,ACCOUNTABILITY PAC,Bill Posey (FL-08),1,1,,,,,,,1,1,1,,1,1,1,1,1,1
C00444968,FRIENDS OF BILL POSEY,Bill Posey (FL-08),1,1,,,,,,,1,1,1,,1,1,1,1,1,1
C00477356,DAVID RIVERA FOR CONGRESS,David Rivera (former FL-25),1,,,,,,,1,,,,,,,,,,
C00625947,BUILD OUR FUTURE PAC,Francis Rooney (FL-19),2,,,1,1,,,,,,1,,,,,,1,
C00618223,ROONEY FOR CONGRESS,Francis Rooney (FL-19),2,,,1,1,,,,,,1,,,,,,1,
C00432906,TOM ROONEY FOR CONGRESS,Thomas Rooney (FL-17),4,,,,1,1,1,1,,,1,,,,,,1,
C00479253,FIRST TEAM PAC,Thomas Rooney (FL-17),4,,,,1,1,1,1,,,1,,,,,,1,
C00280537,SOUTH FLORIDA FIRST PAC,Ileana Ros-Lehtinen (former FL-27),,,,,,,,,,,,,,,,,1,
C00402982,IRL PAC,Ileana Ros-Lehtinen (former FL-27),,,,,,,,,,,,,,,,,1,
C00280537,ROS-LEHTINEN FOR CONGRESS,Ileana Ros-Lehtinen (former FL-27),,,,,,,,,,,,,,,,,1,
C00810010,FRIENDS OF DENNIS ROSS,Dennis Ross (FL-15),4,,,,1,1,1,1,,,1,,,,,,1,
C00809608,DENNIS ROSS FOR CONGRESS,Dennis Ross (FL-15),4,,,,1,1,1,1,,,1,,,,,,1,
C00687020,STRENGTHENING THE AMERICAN REPUBLIC (STAR) PAC,John Rutherford (FL-05),4,1,1,1,1,,,,1,,1,,,1,1,1,1,1
C00615294,CITIZENS FOR JOHN RUTHERFORD,John Rutherford (FL-05),4,1,1,1,1,,,,1,,1,,,1,1,1,1,1
C00769695,FREEDOM FORCE PAC,Maria Elvira Salazar (FL-27),0,,,,,,,,,,,,,,1,1,,1
C00714261,SALAZAR FOR CONGRESS,Maria Elvira Salazar (FL-27),0,,,,,,,,,,,,,,1,1,,1
C00468959,SOUTHERLAND FOR CONGRESS,Steve Southerland (former FL-02),2,,,,,,1,1,,,,,,,,,,
C00676668,ROSS SPANO FOR CONGRESS,Ross Spano (former FL015),1,,,1,,,,,,,,,,1,,,,
C00712588,REPUBLCIANS OFFER SENSIBLE SOLUTIONS PAC,Ross Spano (former FL015),1,,,1,,,,,,,,,,1,,,,
C00671891,GREG STEUBE FOR CONGRESS,Greg Steube (FL-17),3,1,1,1,,,,,1,1,,1,1,1,1,1,,1
C00695874,GETTING REPUBLICANS ELECTED FOR GENERATIONS PAC,Greg Steube (FL-17),3,1,1,1,,,,,1,1,,1,1,1,1,1,,1
C00525592,COOL PAC,Daniel Webster (FL-11),5,1,1,1,1,,,1,1,1,1,1,1,1,1,1,1,1
C00481911,DANIEL WEBSTER FOR CONGRESS,Daniel Webster (FL-11),5,1,1,1,1,,,1,1,1,1,1,1,1,1,1,1,1
C00435628,ALLEN WEST FOR CONGRESS,Allen West (former FL-22),0,,,,,,,,1,,,,,,,,,
C00693671,WARRIOR DIPLOMAT PAC,Michael Waltz (FL-06),3,1,1,1,,,,,,1,,,1,1,1,1,,1
C00666396,MICHAEL WALTZ FOR CONGRESS,Michael Waltz (FL-06),3,1,1,1,,,,,,1,,,1,1,1,1,,1
C00494583,TED YOHO FOR CONGRESS,Ted Yoho (FL-03),3,,,1,1,1,,,,,1,,,1,,,1,
C00567180,REBUILD AMERICA PAC,Ted Yoho (FL-03),3,,,1,1,1,,,,,1,,,1,,,1,
C00635201,"RWA FUND, INC.",Rick Allen (GA-12),6,1,1,1,1,1,,1,1,1,1,1,1,1,1,1,1,1
C00504019,RICK W. ALLEN FOR CONGRESS,Rick Allen (GA-12),6,1,1,1,1,1,,1,1,1,1,1,1,1,1,1,1,1
C00432955,PAUL BROUN COMMITTEE,Paul Broun (former GA-10),2,,,,,,1,1,,,,,,,,,,
C00597062,BUDDY PAC,"Earl L. ""Buddy"" Carter (GA-01)",3,1,1,1,,,,,1,1,1,,1,1,1,1,1,1
C00543967,BUDDY CARTER FOR CONGRESS,"Earl L. ""Buddy"" Carter (GA-01)",3,1,1,1,,,,,1,1,1,,1,1,1,1,1,1
C00482703,"FREEDOM PAC, INC.",Andrew Clyde (GA-09) Jody Hice (former GA-10),5,1,2,1,1,,,,1,1,1,1,1,,1,1,1,1
C00740100,"CLYDE FOR CONGRESS, INC.",Andrew Clyde (GA-09),2,1,1,,,,,,1,1,,1,1,,1,1,,1
C00802595,OVERHAUL PAC,Mike Collins (GA-10),1,1,,,,,,,,1,1,,1,,,,1,
C00544684,COLLINS FOR CONGRESS,Mike Collins (GA-10),1,1,,,,,,,,1,1,,1,,,,1,
C00502039,COLLINS FOR CONGRESS,Doug Collins (former GA-09),1,,,1,,,,,,,,,,1,,,,
C00569921,PEACH PAC,Doug Collins (former GA-09),1,,,1,,,,,,,,,,1,,,,
C00738260,"POINT ACTION PAC, INC.",A. Drew Ferguson (GA-03),0,,,,,,,,,1,1,1,,1,1,1,1,1
C00607838,DREW FERGUSON FOR CONGRESS INC.,A. Drew Ferguson (GA-03),0,,,,,,,,,1,1,1,,1,1,1,1,1
C00490235,"AMERICA'S FUTURE, TOGETHER",Tom Graves (former GA-14),3,,,1,1,,1,,,,,,,,,,1,
C00462556,GRAVES FOR CONGRESS,Tom Graves (former GA-14),3,,,1,1,,1,,,,,,,,,,1,
C00755199,SAVE AMERICA STOP SOCIALISM PAC,Marjorie Taylor Greene (GA-14),2,1,1,,,,,,1,1,,1,1,,1,1,,1
C00708289,GREENE FOR CONGRESS,Marjorie Taylor Greene (GA-14),2,1,1,,,,,,1,1,,1,1,,1,1,,1
C00650630,HELPING AMERICA'S NEXT DEDICATED ELECTED LEADERS PAC,Karen Handel (former GA-06),,,,,,,,,,,,,,,,,1,
C00633362,"HANDEL FOR CONGRESS, INC.",Karen Handel (former GA-06),,,,,,,,,,,,,,,,,1,
C00702555,HANDEL FOR GA-06,Karen Handel (former GA-06),,,,,,,,,,,,,,,,,1,
C00544445,"JODY HICE FOR CONGRESS, INC.",Jody Hice (former GA-10),3,,1,1,1,,,,1,,1,1,,1,1,1,1,1
C00261958,FRIENDS OF JACK KINGSTON,Jack Kingston (former GA-01),1,,,,,,1,,,,,,,,,,,
C00381384,13TH COLONY LEADERSHIP COMMITTEE INC,Jack Kingston (former GA-01),1,,,,,,1,,,,,,,,,,,
C00568089,STAND PAC,Barry Loudermilk (GA-11),3,1,1,,,1,,,1,1,1,1,1,1,1,1,1,1
C00543892,LOUDERMILK FOR CONGRESS,Barry Loudermilk (GA-11),3,1,1,,,1,,,1,1,1,1,1,1,1,1,1,1
C00470948,RAUL LABRADOR FOR IDAHO,Raul Labrador (former ID-01),4,,,,1,1,1,1,,,1,,,,,,1,
C00819425,OLD BREED PAC,Richard McCormick (GA-06),1,1,,,,,,,,1,,,1,,,,,
C00706747,FRIENDS OF MCCORMICK,Richard McCormick (GA-06),1,1,,,,,,,,1,,,1,,,,,
C00775106,MCCORMICK FOR GA-06,Richard McCormick (GA-06),1,1,,,,,,,,1,,,1,,,,,
C00500793,WELLS PAC,Austin Scott (GA-08),6,1,1,1,,1,1,1,,1,1,1,1,1,1,1,1,1
C00482737,AUSTIN SCOTT FOR CONGRESS INC,Austin Scott (GA-08),6,1,1,1,,1,1,1,,1,1,1,1,1,1,1,1,1
C00387126,WESTMORELAND FOR CONGRES,Lynn Westmoreland (former GA-03),1,,,,,,1,,,,,,,,,,,
C00411579,ACTON PAC,Lynn Westmoreland (former GA-03),1,,,,,,1,,,,,,,,,,,
C00482307,ROB WOODALL FOR CONGRESS,Rob Woodall (GA),0,,,,,,,,,,1,,,,,,1,
C00569558,REBUILDING AMERICAS TRUST PAC,Rob Woodall (GA),0,,,,,,,,,,1,,,,,,1,
C00461996,SAWTOOTH POLITICAL ACTION COMMITTEE (SAWTOOTH PAC),Michael Simpson (R-ID),2,1,1,,,,,,,,1,1,,1,1,1,1,1
C00331397,SIMPSON FOR CONGRESS,Michael Simpson (R-ID),2,1,1,,,,,,,,1,1,,1,1,1,1,1
C00729897,GEM STATE PAC,Russ Fulcher (ID-01),2,,1,1,,,,,1,1,,1,1,1,1,1,,1
C00648295,RUSS FULCHER FOR IDAHO,Russ Fulcher (ID-01),2,,1,1,,,,,1,1,,1,1,1,1,1,,1
C00629832,BUILDING OPPORTUNITIES FOR A STRONGER TOMORROW B.O.S.T. PAC,Mike Bost (IL-12),3,1,1,1,,,,,1,1,1,,1,1,1,1,1,1
C00546499,MIKE BOST FOR CONGRESS COMMITTEE,Mike Bost (IL-12),3,1,1,1,,,,,1,1,1,,1,1,1,1,1,1
C00467522,RANDY HULTGREN FOR CONGRESS,Randy Hultgren (IL-14),4,,,,1,1,1,1,,,1,,,,,,1,
C00615351,REAGAN HERITAGE PAC,Randy Hultgren (IL-14),4,,,,1,1,1,1,,,1,,,,,,1,
C00631051,ABRAHAM LINCOLN PAC,Darin LaHood (IL-16),5,1,1,1,1,1,,,,1,1,1,,1,1,1,1,1
C00575050,LAHOOD FOR CONGRESS,Darin LaHood (IL-16),5,1,1,1,1,1,,,,1,1,1,,1,1,1,1,1
C00405431,DAN LIPINSKI FOR CONGRESS,Daniel Lipinski (former IL-13),1,,,1,,,,,,,,,,,,,,
C00486860,MIDDLE CLASS AMERICA PAC,Daniel Lipinski (former IL-13),1,,,1,,,,,,,,,,,,,,
C00573493,RESTORING OUR DEMOCRACY (ROD PAC),Rodney Davis (former IL-13),0,,,,,,,,,,1,,,,1,1,1,1
C00521948,RODNEY FOR CONGRESS,Rodney Davis (former IL-13),0,,,,,,,,,,1,,,,1,1,1,1
C00771113,COUNTRY FIRST,Adam Kinzinger (IL),1,,,,,,,1,,,1,,,,,1,1,1
C00522425,FUTURE FIRST LEADERSHIP PAC,Adam Kinzinger (IL),1,,,,,,,1,,,1,,,,,1,1,1
C00458877,KINZINGER FOR CONGRESS,Adam Kinzinger (IL),1,,,,,,,1,,,1,,,,,1,1,1
C00252973,DONALD A. MANZULLO FOR CONGRESS,Donald Manzullo (former IL-16),1,,,,,,,1,,,,,,,,,,
C00805671,FAITH IN AMERICA PAC,Mary Miller (IL-15),2,1,1,,,,,,1,1,,1,1,,1,1,,1
C00723916,MARY MILLER FOR CONGRESS,Mary Miller (IL-15),2,1,1,,,,,,1,1,,1,1,,1,1,,1
C00410969,ROSKAM FOR CONGRESS COMMITTEE,Peter Roskam (IL),0,,,,,,,,,,1,,,,,,1,
C00451294,REPUBLICAN OPERATION TO SECURE AND KEEP A MAJORITY,Peter Roskam (IL),0,,,,,,,,,,1,,,,,,1,
C00258855,VOLUNTEERS FOR SHIMKUS,John Shimkus (IL-15),5,,,1,1,1,1,1,,,1,,,,,,1,
C00390831,JOHN S FUND,John Shimkus (IL-15),5,,,1,1,1,1,1,,,1,,,,,,1,
C00473579,"JOE WALSH FOR CONGRESS COMMITTEE, INC.",Joe Walsh (former IL-08),1,,,,,,,1,,,,,,,,,,
C00662940,ELECT JIM BAIRD FOR CONGRESS,Jim Baird (IN-04),3,1,1,1,,,,,1,1,,,1,1,1,1,,1
C00493221,THE GUARDIAN FUND,Jim Banks (IN-03),4,1,1,1,1,,,,1,1,1,,1,1,1,1,1,1
C00577999,"JIM BANKS FOR CONGRESS, INC.",Jim Banks (IN-03),4,1,1,1,1,,,,1,1,1,,1,1,1,1,1,1
C00832469,BUILDING A NATIONAL KNOWLEDGEABLE SECURITY PAC,Jim Banks (IN-03),4,1,1,1,1,,,,1,1,1,,1,1,1,1,1,1
C00564385,SUPPORTING UNITED STATES OF AMERICA'S NEXT LEADERS PAC (SUSAN PAC),Susan Brooks (former IN-05),,,,,,,,,,,,,,,,,1,
C00500207,FRIENDS OF SUSAN BROOKS,Susan Brooks (former IN-05),,,,,,,,,,,,,,,,,1,
C00523381,HEARTDOCPAC,Larry Bucshon (IN-08),7,1,1,1,1,1,1,1,,1,1,,,,1,1,1,1
C00468256,BUCSHON FOR CONGRESS,Larry Bucshon (IN-08),7,1,1,1,1,1,1,1,,1,1,,,,1,1,1,1
C00338848,HOOSIER PAC,Dan Burton (former IN-05),1,,,,,,,1,,,,,,,,,,
C00145862,DAN BURTON FOR CONGRESS COMMITTEE,Dan Burton (former IN-05),1,,,,,,,1,,,,,,,,,,
C00700120,BE OF GOOD CHEER PAC,Trey Hollingsworth (IN-09),3,,1,1,1,,,,,,1,1,,1,1,1,1,1
C00590463,TREY FOR CONGRESS,Trey Hollingsworth (IN-09),3,,1,1,1,,,,,,1,1,,1,1,1,1,1
C00816389,ELECTING REPUBLICANS INDIANA PAC,Erin Houchin (IN-09),0,,,,,,,,,1,,,1,,,,,
C00800649,HOUCHIN FOR CONGRESS,Erin Houchin (IN-09),0,,,,,,,,,1,,,1,,,,,
C00460667,LUKE MESSER FOR CONGRESS,Luke Messer (former IN-06),1,,,,1,,,,,,1,,,,,,1,
C00562256,PARAGRAPH TWO PAC,Luke Messer (former IN-06),1,,,,1,,,,,,1,,,,,,1,
C00680322,MUSTANG PAC,Greg Pence (IN-06),3,1,1,1,,,,,1,1,,1,,1,1,1,,
C00658401,GREG PENCE FOR CONGRESS,Greg Pence (IN-06),3,1,1,1,,,,,1,1,,1,,1,1,1,,
C00350397,MIKE PENCE COMMITTEE,Mike Pence (former IN-06),1,,,,,,,1,,,,,,,,,,
C00383927,WIN BACK AMERICA POLITICAL ACTION COMMITTEE,Mike Pence (former IN-06),1,,,,,,,1,,,,,,,,,,
C00476192,"HOOSIERS FOR ROKITA, INC.",Todd Rokita (former IN-04),3,,,,1,1,,1,,,1,,,,,,1,
C00512855,THE FUND FOR AMERICAN EXCEPTIONALISM,Todd Rokita (former IN-04),3,,,,1,1,,1,,,1,,,,,,1,
C00484683,STUTZMAN FOR CONGRESS,Marlin Stutzman (former IN-03),1,,,,,1,,,,,,,,,,,,
C00838128,MAKING AMERICA RESTORE LEADERSHIP & INDEPENDENCE NOW POLITICAL ACTION COMMITTEE,Marlin Stutzman (former IN-03),1,,,,,1,,,,,,,,,,,,
C00764134,FREE MARKET FUND,Victoria Spartz (IN-05),2,1,1,,,,,,,1,,,,,1,1,,1
C00737767,VICTORIA SPARTZ FOR CONGRESS,Victoria Spartz (IN-05),2,1,1,,,,,,,1,,,,,1,1,,1
C00823351,REPUBLICANS UNITED TO DEFEND YOU PAC (RUDY PAC),Rudy Yakym (IN-02),1,1,,,,,,,,1,,,1,,,,,
C00822767,RUDY FOR INDIANA,Rudy Yakym (IN-02),1,1,,,,,,,,1,,,1,,,,,
C00543926,BLUM FOR CONGRESS,Rod Blum (former IA-01),2,,,,1,1,,,,,1,,,,,,1,
C00756825,DELIVERS PAC,Randy Feenstra (IA-04),2,1,1,,,,,,,1,,,1,,1,1,,1
C00693663,FEENSTRA FOR CONGRESS,Randy Feenstra (IA-04),2,1,1,,,,,,,1,,,1,,1,1,,1
C00762328,FIGHT ON PAC,Ashley Hinson (IA-02),2,1,1,,,,,,,1,,,1,,1,1,,1
C00831008,FIGHT ON IA,Ashley Hinson (IA-02),2,1,1,,,,,,,1,,,1,,1,1,,1
C00706267,ASHLEY HINSON FOR CONGRESS,Ashley Hinson (IA-02),2,1,1,,,,,,,1,,,1,,1,1,,1
C00287045,IOWANS FOR LATHAM,Tom Latham (former IA-03),1,,,,,,1,,,,,,,,,,,
C00409672,FOR AMERICAS REPUBLICAN MAJORITY PAC (FARM PAC),Tom Latham (former IA-03),1,,,,,,1,,,,,,,,,,,
C00770255,SIX POLITICAL ACTION COMMITTEE,Mariannette Miller-Meeks (IA-01),1,,1,,,,,,,,,,,,1,1,,1
C00558825,MILLER-MEEKS FOR CONGRESS,Mariannette Miller-Meeks (IA-01),1,,1,,,,,,,,,,,,1,1,,1
C00818740,CALL TO SERVICE PAC,Zach Nunn (IA-03),0,,,,,,,,,1,,,,,,,,
C00784389,IOWANS FOR ZACH NUNN,Zach Nunn (IA-03),0,,,,,,,,,1,,,,,,,,
C00775122,NUNN FOR IA-03,Zach Nunn (IA-03),0,,,,,,,,,1,,,,,,,,
C00729939,BULLDOG VICTORY PAC,David Young (former IA-03),2,,,,1,1,,,,,1,,,,,,1,
C00545616,"YOUNG FOR IOWA, INC.",David Young (former IA-03),2,,,,1,1,,,,,1,,,,,,1,
C00702589,YOUNG FOR IA-03,David Young (former IA-03),2,,,,1,1,,,,,1,,,,,,1,
C00582726,JUMP INTO ACTION FOR CONSERVATIVES TO KEEP OUR IDEAS ELEVATED PAC,Jackie Walorski (former IN-02),1,,,1,,,,,1,,1,,,1,1,1,1,
C00468579,WALORSKI FOR CONGRESS INC,Jackie Walorski (former IN-02),1,,,1,,,,,1,,1,,,1,1,1,1,
C00428839,CONSERVATIVE PRINCIPLES PAC,Steve King (Former IA-04),5,,,1,1,1,1,1,,,1,,,1,,,1,
C00373563,KING FOR CONGRESS,Steve King (Former IA-04),5,,,1,1,1,1,1,,,1,,,1,,,1,
C00649525,RESTORING OUR NATION (RON) PAC,Ron Estes (KS-04),3,1,1,1,,,,,1,1,1,1,1,1,1,1,1,1
C00632067,RON ESTES FOR CONGRESS,Ron Estes (KS-04),3,1,1,1,,,,,1,1,1,1,1,1,1,1,1,1
C00413096,KANSANS FOR HUELSKAMP,Tim Huelskamp (former KS-01),3,,,,,1,1,1,,,,,,,,,,
C00524033,AMERICAN FREEDOM PAC,Tim Huelskamp (former KS-01),3,,,,,1,1,1,,,,,,,,,,
C00433730,LYNN JENKINS FOR CONGRESS,Lynn Jenkins (KS),0,,,,,,,,,,1,,,,,,1,
C00491043,LEAD YOUR NATION NOW PAC (LYNN PAC),Lynn Jenkins (KS),0,,,,,,,,,,1,,,,,,1,
C00773234,KANSAS VICTORY PAC,Jacob LaTurner (KS-02),2,1,1,,,,,,1,1,,,1,,1,1,,1
C00718346,KANSANS FOR LATURNER,Jacob LaTurner (KS-02),2,1,1,,,,,,1,1,,,1,,1,1,,1
C00758433,GREAT PLAINS PAC,Tracey Mann (KS-01),2,1,1,,,,,,1,1,,1,1,,1,1,,1
C00460659,MANN FOR CONGRESS,Tracey Mann (KS-01),2,1,1,,,,,,1,1,,1,1,,1,1,,1
C00576173,KANSANS FOR MARSHALL,Roger Marshall (former KS-01),2,,,1,1,,,,,,1,,,1,,,1,
C00660050,COMMITTEE TO RE-ELECT STEVE WATKINS,Steve Watkins (former KS-02),1,,,1,,,,,,,,,,,,,,
C00727305,RACE PAC,Steve Watkins (former KS-02),1,,,1,,,,,,,,,,,,,,
C00472365,"YODER FOR CONGRESS, INC",Kevin Yoder (KS),0,,,,,,,,,,1,,,,,,1,
C00497305,YOPAC,Kevin Yoder (KS),0,,,,,,,,,,1,,,,,,1,
C00460402,"POMPEO FOR KANSAS, INC.",Mike Pompeo (former KS-04),3,,,,,1,1,1,,,,,,,,,,
C00588764,COMER FOR CONGRESS,James Comer (KY-01),4,1,1,1,1,,,,,1,1,1,,,1,1,1,1
C00650853,"CREATING OPPORTUNITIES, MARKETS AND ENTHUSIASM IN RURAL KENTUCKY PAC",James Comer (KY-01),4,1,1,1,1,,,,,1,1,1,,,1,1,1,1
C00483487,BRETTPAC - THE LEADERSHIP PAC OF US REPRESENTATIVE BRETT GUTHRIE,Brett Guthrie (KY-02),7,1,1,1,1,1,1,1,,1,1,,,,1,1,1,1
C00445023,GUTHRIE FOR CONGRESS,Brett Guthrie (KY-02),7,1,1,1,1,1,1,1,,1,1,,,,1,1,1,1
C00572271,BUILDING AMERICA'S REPUBLICAN REPRESENTATION PAC,Andy Barr (KY-06),5,,1,1,1,1,1,,,1,1,,,,1,1,1,1
C00467571,"ANDY BARR FOR CONGRESS, INC.",Andy Barr (KY-06),5,,1,1,1,1,1,,,1,1,,,,1,1,1,1
C00369470,GEOFF DAVIS FOR CONGRESS,Geoff Davis (former KY-04),1,,,,,,,1,,,,,,,,,,
C00448787,RANGER POLITICAL ACTION COMMITTEE A.K.A. RANGER PAC,Geoff Davis (former KY-04),1,,,,,,,1,,,,,,,,,,
C00376038,HELP AMERICA'S LEADERS POLITICAL ACTION COMMITTEE (HALPAC),Harold Rogers (KY-05),4,,1,,1,1,,1,1,,1,,,,1,1,1,1
C00116632,HAL ROGERS FOR CONGRESS,Harold Rogers (KY-05),4,,1,,1,1,,1,1,,1,,,,1,1,1,1
C00563429,MAKING A SENSIBLE SHIFT IN ELECTIONS (MASSIE PAC),Thomas Massie (KY-04),6,1,1,1,1,1,1,,,,,,,,1,1,1,1
C00509729,THOMAS MASSIE FOR CONGRESS,Thomas Massie (KY-04),6,1,1,1,1,1,1,,,,,,,,1,1,1,1
C00376749,RODNEY ALEXANDER FOR CONGRESS INC.,Rodney Alexander (former LA-05),2,,,,,,1,1,,,,,,,,,,
C00458307,RESTORE OUR DEMOCRACY PAC,Rodney Alexander (former LA-05),2,,,,,,1,1,,,,,,,,,,
C00563940,RALPH ABRAHAM FOR CONGRESS,Ralph Lee Abraham (former LA-05),3,,,1,1,1,,,,,1,,,1,,,1,
C00571422,AMERICA'S COMMITTEE FOR EXCELLENCE POLITICAL ACTION COMMITTEE (ACEPAC),Ralph Lee Abraham (former LA-05),3,,,1,1,1,,,,,1,,,1,,,1,
C00394866,"CHARLES BOUSTANY JR. MD FOR CONGRESS, INC.",Charles Boustany (former LA-03),3,,,,,1,1,1,,,,,,,,,,
C00328468,THE COMMITTEE FOR THE PRESERVATION OF CAPITALISM,Charles Boustany (former LA-03),3,,,,,1,1,1,,,,,,,,,,
C00445015,FLEMING FOR CONGRESS,John Fleming (former LA-04),3,,,,,1,1,1,,,,,,,,,,
C00466904,LOUISIANA VALUES PAC,John Fleming (former LA-04),3,,,,,1,1,1,,,,,,,,,,
C00635557,DO RIGHT BAYOU PAC,Garret Graves (LA-06),5,1,1,1,1,1,,,1,1,1,,1,,1,1,1,1
C00558486,GARRET GRAVES FOR CONGRESS,Garret Graves (LA-06),5,1,1,1,1,1,,,1,1,1,,1,,1,1,1,1
C00652305,REDEMPTION PAC,Clay Higgins (LA-03),4,1,1,1,1,,,,1,1,1,1,1,1,1,1,1,1
C00617662,CAPTAIN HIGGINS FOR CONGRESS,Clay Higgins (LA-03),4,1,1,1,1,,,,1,1,1,1,1,1,1,1,1,1
C00472712,LANDRY FOR LOUISIANA,Jeffrey Landry (former LA-03),1,,,,,,,1,,,,,,,,,,
C00491985,CAJUN POLITICAL ACTION COMMITTEE (CAJUNPAC),Jeffrey Landry (former LA-03),1,,,,,,,1,,,,,,,,,,
C00549352,COMMITTEE TO ELECT VANCE MCALLISTER,Vance McAllister (former LA-05),1,,,,,,1,,,,,,,,,,,
C00555086,MAKING ACTIONS COUNT POLITICAL ACTION COMMITTEE (MACPAC),Vance McAllister (former LA-05),1,,,,,,1,,,,,,,,,,,
C00467431,THE EYE OF THE TIGER POLITICAL ACTION COMMITTEE,Steve Scalise (LA-01),2,,,,,,1,1,1,1,1,1,1,1,1,1,1,1
C00394957,SCALISE FOR CONGRESS,Steve Scalise (LA-01),2,,,,,,1,1,1,1,1,1,1,1,1,1,1,1
C00764761,START RISING PAC,Julia Letlow (LA-05),0,,,,,,,,,1,,,,,1,,,1
C00766428,JULIA LETLOW FOR CONGRESS,Julia Letlow (LA-05),0,,,,,,,,,1,,,,,1,,,1
C00492819,CHESAPEAKE FREEDOM PAC,Andy Harris (MD-01),7,1,1,1,1,1,1,1,1,,1,1,1,1,1,1,1,1
C00435974,ANDY HARRIS FOR CONGRESS,Andy Harris (MD-01),7,1,1,1,1,1,1,1,1,,1,1,1,1,1,1,1,1
C00817775,PINE TREES PAC,Bruce Poliquin (former ME-02),0,,,,,,,,,,1,,,,,,1,
C00788968,BRUCE POLIQUIN FOR CONGRESS,Bruce Poliquin (former ME-02),0,,,,,,,,,,1,,,,,,1,
C00775296,POLIQUIN FOR ME-02,Bruce Poliquin (former ME-02),0,,,,,,,,,,1,,,,,,1,
C00525717,JUSTICE UNITY SPONTANEITY TRUTH INDEPENDENCE NOMOS POLITICAL ACTION COMMITTEE,Amash (MI),0,,,,,,,,,,1,,,,,,1,
C00476291,JUSTIN AMASH FOR CONGRESS,Amash (MI),0,,,,,,,,,,1,,,,,,1,
C00614214,BERGMANFORCONGRESS,Jack Bergman (MI-01),4,1,1,1,1,,,,1,1,1,,1,1,1,1,1,1
C00636837,STAR PAC,Jack Bergman (MI-01),4,1,1,1,1,,,,1,1,1,,1,1,1,1,1,1
C00476325,"BENISHEK FOR CONGRESS, INC.",Dan Benishek (former MI-01),3,,,,,1,1,1,,,,,,,,,,
C00495317,MICHIGAN FIRST PAC,Dan Benishek (former MI-01),3,,,,,1,1,1,,,,,,,,,,
C00656033,BENTIVOLIO FOR CONGRESS,Kerry Bentivolio (former MI-11),1,,,,,,1,,,,,,,,,,,
C00561001,MIKE BISHOP FOR CONGRESS,Mike Bishop (MI-08),2,,,,1,1,,,,,1,,,,,,1,
C00627398,MAKING BOLD INITIATIVES + SOLUTIONS TO HELP AMERICA (M-BISH PAC),Mike Bishop (MI-08),2,,,,1,1,,,,,1,,,,,,1,
C00347476,DAVE CAMP FOR CONGRES,Dave Camp (former MI-04),1,,,,,,1,,,,,,,,,,,
C00350462,CONTINUING A MAJORITY PARTY ACTION COMMITTEE (CAMPAC),Dave Camp (former MI-04),1,,,,,,1,,,,,,,,,,,
C00503151,UPPER HAND FUND,Bill Huizenga (MI-02),7,1,1,1,1,1,1,1,,1,1,1,1,1,1,1,1,1
C00459297,HUIZENGA FOR CONGRESS,Bill Huizenga (MI-02),7,1,1,1,1,1,1,1,,1,1,1,1,1,1,1,1,1
C00774588,MISSION FIRST PEOPLE ALWAYS PAC,John James (MI-10),0,,,,,,,,,1,,,,,,,,
C00803502,"JOHN JAMES FOR CONGRESS, INC",John James (MI-10),0,,,,,,,,,1,,,,,,,,
C00798694,JAMES FOR MI-10,John James (MI-10),0,,,,,,,,,1,,,,,,,,
C00365841,MCCOTTER CONGRESSIONAL COMMITTEE,Thaddeus McCotter (former MI-11),1,,,,,,,1,,,,,,,,,,
C00440024,CHAMPIONS OF AMERICAN FREEDOM PAC (CAFPAC),Thaddeus McCotter (former MI-11),1,,,,,,,1,,,,,,,,,,
C00764886,MICHIGAN VALUES PAC,Lisa McClain (MI-09),2,1,1,,,,,,1,1,,1,1,,1,1,,1
C00726042,LISA MCCLAIN FOR CONGRESS,Lisa McClain (MI-09),2,1,1,,,,,,1,1,,1,1,,1,1,,1
C00581090,FRIENDS OF PAUL MITCHELL,Paul Mitchell (former MI-10),2,,,1,1,,,,,,1,,,,,,1,
C00649434,REPUBLICANS PRESERVING OUR MAJORITY PAC,Paul Mitchell (former MI-10),2,,,1,1,,,,,,1,,,,,,1,
C00813287,CANDICE J. MILLER FOR CONGRESS,Candice Miller (former MI-10),3,,,,,1,1,1,,,,,,,,,,
C00488155,CONSERVATIVE AMERICAN NETWORK DELIVERING INCREASED CONGRESSIONAL EXCELLENCE (CANDICE-PAC),Candice Miller (former MI-10),3,,,,,1,1,1,,,,,,,,,,
C00583526,"TOGETHER UNITED FOR LIBERTY, INTEGRITY AND PROSPERITY PAC (TULIP PAC)",John Moolenaar (MI-02),5,1,1,1,1,1,,,,1,1,,1,1,1,1,1,1
C00561530,MOOLENAAR FOR CONGRESS,John Moolenaar (MI-02),5,1,1,1,1,1,,,,1,1,,1,1,1,1,1,1
C00773853,GINGER PAC,Peter Meijer (MI-03),1,,1,,,,,,,,,,,,1,1,,1
C00710962,PETER MEIJER FOR CONGRESS,Peter Meijer (MI-03),1,,1,,,,,,,,,,,,1,1,,1
C00343863,ROGERS FOR CONGRESS,Mike Rogers (former MI-08),1,,,,,,1,,,,,,,,,,,
C00370791,MAJORITY INITIATIVE TO KEEP ELECTING REPUBLICANS FUND A.K.A MIKE R FUND,Mike Rogers (former MI-08),1,,,,,,1,,,,,,,,,,,
C00548941,"TROTT FOR CONGRESS, INC.",David Trott (former MI-11),1,,,,,1,,,,,1,,,,,,1,
C00570887,TO REPUBLICANS OWNING THIS TOWN IN EVERY RACE PAC TROTTER PAC,David Trott (former MI-11),1,,,,,1,,,,,1,,,,,,1,
C00330720,TRUST PAC TEAM REPUBLICANS FOR UTILIZING SENSIBLE TACTICS,Upton (MI),0,,,,,,,,,,1,,,,,1,1,1
C00200584,UPTON FOR ALL OF US,Upton (MI),0,,,,,,,,,,1,,,,,1,1,1
C00592089,ELECTING MAJORITY MAKING EFFECTIVE REPUBLICANS (EMMER PAC),Tom Emmer (MN-06),4,,1,1,1,1,,,,1,1,1,,1,1,1,1,1
C00545749,EMMER FOR CONGRESS,Tom Emmer (MN-06),4,,1,1,1,1,,,,1,1,1,,1,1,1,1,1
C00326629,KLINE FOR CONGRESS,John Kline (former MN-02),3,,,,,1,1,1,,,1,,,,,,,
C00437061,FREEDOM AND SECURITY PAC,John Kline (former MN-02),3,,,,,1,1,1,,,1,,,,,,,
C00631994,JUST LEAD PAC,Lewis (MN),0,,,,,,,,,,1,,,,,,1,
C00589234,"JASON LEWIS FOR CONGRESS, INC.",Lewis (MN),0,,,,,,,,,,1,,,,,,1,
C00498360,TRUTH IS MARKETS WORK FUND A/K/A TIM W FUND,Tim Walberg (MI-05),2,,,,,,1,1,1,1,1,,1,1,1,1,1,1
C00390724,WALBERG FOR CONGRESS,Tim Walberg (MI-05),2,,,,,,1,1,1,1,1,,1,1,1,1,1,1
C00486738,MANY INDIVIDUAL CONSERVATIVES HELPING ELECT LEADERS EVERYWHERE (MICHELEPAC),Michele Bachmann (former MN-06),2,,,,,,1,1,,,,,,,,,,
C00410118,BACHMANN FOR CONGRESS,Michele Bachmann (former MN-06),2,,,,,,1,1,,,,,,,,,,
C00475632,CRAVAACK FOR CONGRESS CAMPAIGN COMMITTEE,Chip Cravaack (former MN-08),1,,,,,,,1,,,,,,,,,,
C00818542,FIELD OF DREAMS PAC,Brad Finstad (MN-01),1,1,,,,,,,,1,,,1,,,,,1
C00807743,FINSTAD FOR CONGRESS,Brad Finstad (MN-01),1,1,,,,,,,,1,,,1,,,,,1
C00758813,MNM PAC,Michelle Fischbach (MN-07),2,1,1,,,,,,1,1,,,1,,1,1,,1
C00717959,FISCHBACH FOR CONGRESS,Michelle Fischbach (MN-07),2,1,1,,,,,,1,1,,,1,,1,1,,1
C00484667,ICE PAC,Erik Paulsen (former MN-03),,,,,,,,,,,,,,,,,1,
C00439661,FRIENDS OF ERIK PAULSEN,Erik Paulsen (former MN-03),,,,,,,,,,,,,,,,,1,
C00253187,BUFFALO RIVER POLITICAL ACTION COMMITTEE,Collin Peterson (former MN-07 Democrat),4,,,1,1,1,1,,,,,,,,,,,
C00431197,VALLEY POLITICAL ACTION COMMITTEE,Collin Peterson (former MN-07 Democrat),4,,,1,1,1,1,,,,,,,,,,,
C00253187,PETERSON FOR CONGRESS,Collin Peterson (former MN-07 Democrat),4,,,1,1,1,1,,,,,,,,,,,
C00698092,LET'S ALL KEEP ELECTING REPUBLICANS PAC,Pete Stauber (MN-08),3,1,1,1,,,,,,1,,,1,1,1,1,,1
C00650697,PETE STAUBER FOR CONGRESS,Pete Stauber (MN-08),3,1,1,1,,,,,,1,,,1,1,1,1,,1
C00832808,NEW SHERIFF PAC,Mike Ezell (MS-04),1,1,,,,,,,,1,,,1,,,,,
C00776393,COMMITTEE TO ELECT MIKE EZELL,Mike Ezell (MS-04),1,1,,,,,,,,1,,,1,,,,,
C00550707,FRIENDS OF HAGEDORN,Jim Hagedorn (former MN-01),2,,1,1,,,,,1,,,,,1,1,1,,
C00706085,MAGADORN PAC,Jim Hagedorn (former MN-01),2,,1,1,,,,,1,,,,,1,1,1,,
C00689893,GUEST PAC,Michael Guest (MS-03),3,1,1,1,,,,,1,1,,1,1,1,1,1,,1
C00665752,FRIENDS OF MICHAEL GUEST,Michael Guest (MS-03),3,1,1,1,,,,,1,1,,1,1,1,1,1,,1
C00441295,GREGG HARPER FOR CONGRESS,Gregg Harper (former MS-03),4,,,,1,1,1,1,,,1,,,,,,1,
C00455980,GREGGPAC,Gregg Harper (former MS-03),4,,,,1,1,1,1,,,1,,,,,,1,
C00778308,SOUTHERN STATES PAC,Trent Kelly (MS-01),5,1,1,1,1,1,,,1,1,1,1,1,1,1,1,1,1
C00573980,KELLY FOR CONGRESS,Trent Kelly (MS-01),5,1,1,1,1,1,,,1,1,1,1,1,1,1,1,1,1
C00495150,AMERICAN LIBERTY AND NATION PAC (ALAN PAC),Alan Nunnelee (former MS-01),2,,,,,,1,1,,,,,,,,,,
C00464487,NUNNELEE FOR CONGRESS,Alan Nunnelee (former MS-01),2,,,,,,1,1,,,,,,,,,,
C00823914,EVER RELENTLESS IN CONSERVATISM,Eric Burlison (MO-07),1,1,,,,,,,,1,,,1,,,,,
C00788414,ERIC BURLISON FOR CONGRESS,Eric Burlison (MO-07),1,1,,,,,,,,1,,,1,,,,,
C00522318,PATRIOT POLITICAL ACTION COMMITTEE,Steven Palazzo (MS-04),6,,1,1,1,1,1,1,1,,1,,,1,1,1,1,1
C00477323,PALAZZO FOR CONGRESS,Steven Palazzo (MS-04),6,,1,1,1,1,1,1,1,,1,,,1,1,1,1,1
C00343475,TODD AKIN FOR CONGRESS,Todd Akin (former MO-02),1,,,,,,,1,,,,,,,,,,
C00343475,TODD AKIN FOR SENATE,Todd Akin (former MO-02),1,,,,,,,1,,,,,,,,,,
C00481242,TAKIN BACK AMERICA,Todd Akin (former MO-02),1,,,,,,,1,,,,,,,,,,
C00410621,SHOW-ME POLITICAL ACTION COMMITTEE,Sam Graves (MO-06),7,1,1,1,1,1,1,1,1,,1,1,1,1,1,1,1,1
C00359034,GRAVES FOR CONGRESS,Sam Graves (MO-06),7,1,1,1,1,1,1,1,1,,1,1,1,1,1,1,1,1
C00499798,VICKY PAC,Vicky Hartzler (former MO-04),6,,1,1,1,1,1,1,1,,1,,,1,1,1,1,1
C00464602,VICKY HARTZLER FOR CONGRESS,Vicky Hartzler (former MO-04),6,,1,1,1,1,1,1,1,,1,,,1,1,1,1,1
C00559146,BELIEVE IN LIFE LIBERTY YOURSELF (BILLY PAC),Billy Long (former MO-07),6,,1,1,1,1,1,1,1,,1,1,,1,1,1,1,1
C00460063,BILLY LONG FOR CONGRESS,Billy Long (former MO-07),6,,1,1,1,1,1,1,1,,1,1,,1,1,1,1,1
C00489427,BUILDING LEADERSHIP AND INSPIRING NEW ENTERPRISE PAC,Blaine Luetkemeyer (MO-03),7,1,1,1,1,1,1,1,1,1,1,,1,1,1,1,1,1
C00458679,BLAINE FOR CONGRESS,Blaine Luetkemeyer (MO-03),7,1,1,1,1,1,1,1,1,1,1,,1,1,1,1,1,1
C00447748,BLAINE FOR CONGRESS 2008,Blaine Luetkemeyer (MO-03),6,1,1,1,1,1,1,,1,1,1,,1,1,1,1,1,1
C00563726,MR. SOUTHERN MISSOURIAN IN THE HOUSE PAC,Jason Smith (MO-08),5,,1,1,1,1,1,,1,1,1,1,,1,1,1,1,1
C00541862,JASON SMITH FOR CONGRESS,Jason Smith (MO-08),5,,1,1,1,1,1,,1,1,1,1,,1,1,1,1,1
C00531764,ANN PAC,Ann Wagner (MO-02),4,,,1,1,1,1,,,1,1,,,1,1,1,1,1
C00495846,ANN WAGNER FOR CONGRESS,Ann Wagner (MO-02),4,,,1,1,1,1,,,1,1,,,1,1,1,1,1
C00825398,MISSOURI TRUTH PAC,Mark Alford (MO-04),0,,,,,,,,,1,,,1,,,,,
C00792598,"MARK ALFORD FOR CONGRESS, INC.",Mark Alford (MO-04),0,,,,,,,,,1,,,1,,,,,
C00491357,STEVE DAINES FOR MONTANA,Steve Daines (former MT-AL),1,,,,,,1,,,,,,,,,,,
C00542027,BIG SKY OPPORTUNITY PAC,Steve Daines (former MT-AL),1,,,,,,1,,,,,,,,,,,
C00640888,GFORCE,Greg Gianforte (former MT-AL),2,,,1,1,,,,,,,,,1,,,1,
C00631945,GREG FOR MONTANA,Greg Gianforte (former MT-AL),2,,,1,1,,,,,,,,,1,,,1,
C00764431,406 PAC,Matt Rosendale (MT-02),2,1,1,,,,,,1,1,,,1,,1,1,,1
C00548289,MATT ROSENDALE FOR MONTANA,Matt Rosendale (MT-02),2,1,1,,,,,,1,1,,,1,,1,1,,1
C00778159,ZINKE FOR CONGRESS,Ryan Zinke (MT-01),0,,,,,,,,,1,,,,,,,,
C00798454,ZINKE FOR MT-01,Ryan Zinke (MT-01),0,,,,,,,,,1,,,,,,,,
C00832568,HIGHWATER PAC,Mike Flood (NE-01),1,1,,,,,,,,1,,,1,,,,,1
C00801241,MIKE FLOOD FOR CONGRESS,Mike Flood (NE-01),1,1,,,,,,,,1,,,1,,,,,1
C00647420,BOLD ACTIVE CONSERVATIVES OF NEBRASKA PAC-BACON PAC,Don Bacon (NE-02),3,,1,1,1,,,,,1,1,,1,,,1,1,1
C00575167,DON BACON FOR CONGRESS,Don Bacon (NE-02),3,,1,1,1,,,,,1,1,,1,,,1,1,1
C00426494,FOR OUR REPUBLIC'S TRADITIONS FUND AKA FORT FUND,Jeff Fortenberry (Formerly NE-01),5,,1,1,1,1,1,,,,1,,,1,1,1,1,
C00395467,JEFF FORTENBERRY FOR UNITED STATES CONGRESS,Jeff Fortenberry (Formerly NE-01),5,,1,1,1,1,1,,,,1,,,1,1,1,1,
C00481176,CONCERNED AMERICANS FOR FREEDOM & OPPORTUNITY PAC (CAFO PAC),Adrian Smith (NE-03),5,1,1,1,1,,1,,1,1,1,1,1,1,1,1,1,1
C00412890,ADRIAN SMITH FOR CONGRESS,Adrian Smith (NE-03),5,1,1,1,1,,1,,1,1,1,1,1,1,1,1,1,1
C00483727,BIG RED POLITICAL ACTION COMMITTEE,Lee Terry (former NE-02),2,,,,,,1,1,,,,,,,,,,
C00330811,LEE TERRY FOR CONGRESS,Lee Terry (former NE-02),2,,,,,,1,1,,,,,,,,,,
C00726729,SOUTH JERSEY UNITED IN TRUST (SJUIT) PAC,Jeff Van Drew (NJ-02),0,,,,,,,,1,1,,,,1,,,,1
C00661868,VAN DREW FOR CONGRESS,Jeff Van Drew (NJ-02),0,,,,,,,,1,1,,,,1,,,,1
C00299404,FRELINGHUYSEN FOR CONGRESS,Frelinghuysen (NJ),0,,,,,,,,,,1,,,,,,,
C00148684,FRELINGHUYSEN FOR CONGRESS,Frelinghuysen (NJ),0,,,,,,,,,,1,,,,,,,
C00557520,TOM MACARTHUR FOR CONGRESS INC.,Thomas MacArthur (NJ),0,,,,,,,,,,1,,,,,,1,
C00581066,TMAC PAC,Thomas MacArthur (NJ),0,,,,,,,,,,1,,,,,,1,
C00524322,CITIZENS STRENGTHENING OUR MESSAGE IN THE HOUSE,Christopher Smith (NJ-04),1,,,,,,,1,,1,,,1,,,,,1
C00096412,FRIENDS OF CHRIS SMITH,Christopher Smith (NJ-04),1,,,,,,,1,,1,,,1,,,,,1
C00386110,SCOTT GARRETT FOR CONGRESS,Scott Garrett (former NJ-05),3,,,,,1,1,1,,,,,,,,,,
C00453324,SUPPORTING CONSERVATIVES OF TODAY AND TOMORROW (SCOTT PAC),Scott Garrett (former NJ-05),3,,,,,1,1,1,,,,,,,,,,
C00463836,PEOPLE FOR PEARCE,Stevan Pearce (former NM-02),4,,,,1,1,1,1,,,1,,,,,,1,
C00570671,ZIA POLITICAL ACTION COMMITTEE (ZIA PAC),Stevan Pearce (former NM-02),4,,,,1,1,1,1,,,1,,,,,,1,
C00780809,NEW MEXICO FREEDOM FUND,Yvette Herrell (former NM-02),1,,1,,,,,,1,,,1,,,1,1,,1
C00655571,YVETTE4CONGRESS,Yvette Herrell (former NM-02),1,,1,,,,,,1,,,1,,,1,1,,1
C00496760,AMODEI FOR NEVADA,Mark Amodei (NV-02),0,,,,,,,,,,1,,,,1,1,1,1
C00581892,PONDEROSA PAC,Mark Amodei (NV-02),0,,,,,,,,,,1,,,,1,1,1,1
C00550608,CRESENT HARDY FOR CONGRESS,Cresent Hardy (former NV-04),1,,,,,1,,,,,,,,,,,,
C00468421,FRIENDS OF JOE HECK CONGRESS,Joseph Heck (former NV-03),1,,,,,,,1,,,,,,,,,,
C00541128,FULL HOUSE PAC,Joseph Heck (former NV-03),1,,,,,,,1,,,,,,,,,,
C00520379,COLLINS FOR CONGRESS,Chris Collins (former NY-27),1,,,1,,,,,,,1,,,,,,1,
C00554535,CONGRESSIONAL HOUSE REPUBLICANS IN SERVICE PAC (CHRIS PAC),Chris Collins (former NY-27),1,,,1,,,,,,,1,,,,,,1,
C00580415,FASO FOR CONGRESS,Faso (NY),0,,,,,,,,,,1,,,,,,,
C00630681,EMPIRE STATE PAC,Faso (NY),0,,,,,,,,,,1,,,,,,,
C00770297,BAKER PAC,Andrew Garbarino (NY-02),,,,,,,,,,,,,,,,1,,1
C00729954,GARBARINO FOR CONGRESS,Andrew Garbarino (NY-02),,,,,,,,,,,,,,,,1,,1
C00656751,FRIENDS OF MICHAEL GRIMM,Michael Grimm (former NY-13),1,,,,,,,1,,,,,,,,,,
C00470807,MICHAEL GRIMM FOR CONGRESS,Michael Grimm (former NY-13),1,,,,,,,1,,,,,,,,,,
C00272211,PETE KING FOR CONGRESS COMMITTEE,King (NY),0,,,,,,,,,,1,,,,,,,
C00553271,AMERICAN LEADERSHIP NOW (ALN PAC),King (NY),0,,,,,,,,,,1,,,,,,,
C00706788,JACOBS FOR CONGRESS,Chris Jacobs (former NY-27),1,,1,,,,,,1,,,,,,1,1,,1
C00785444,NIAGARA FRONTIER PAC,Chris Jacobs (former NY-27),1,,1,,,,,,1,,,,,,1,1,,1
C00608463,SALT CITY PAC,John Katko (former NY-24),,,,,,,,,,,,,,,,,1,1
C00556365,KATKO FOR CONGRESS,John Katko (former NY-24),,,,,,,,,,,,,,,,,1,1
C00806018,LALOTA FOR CONGRESS,Nick LaLota (NY-01),0,,,,,,,,,1,,,,,,,,
C00813063,LEADERSHIP AND LOYALTY ONLY TO AMERICA PAC,Nick LaLota (NY-01),0,,,,,,,,,1,,,,,,,,
C00827881,CIRCLE THE WAGONS PAC,Nicholas Langworthy (NY-23),0,,,,,,,,,1,,,,,,,,
C00817932,LANGWORTHY FOR CONGRESS,Nicholas Langworthy (NY-23),0,,,,,,,,,1,,,,,,,,
C00878785,RIGHT HERE RIGHT NOW PAC,Nicholas Langworthy (NY-23),0,,,,,,,,,1,,,,,,,,
C00694778,NICOLE FOR NEW YORK,Nicole Malliotakis (NY-11),0,,,,,,,,1,1,,,,,,1,,1
C00760397,NO NONSENSE PAC,Nicole Malliotakis (NY-11),0,,,,,,,,1,1,,,,,,1,,1
C00541078,EXCELSIOR PAC,Reed (NY),0,,,,,,,,,,1,,,,,1,1,
C00464032,TOM REED FOR CONGRESS,Reed (NY),0,,,,,,,,,,1,,,,,1,1,
C00547893,ELISE FOR CONGRESS,Elise M. Stefanik (NY-21),0,,,,,,,,1,1,1,,1,1,1,1,,1
C00570945,E-PAC,Elise M. Stefanik (NY-21),0,,,,,,,,1,1,1,,1,1,1,1,,1
C00573626,LEE PAC,Lee Zeldin (former NY-01),4,,1,1,1,1,,,1,,1,,,1,1,1,,1
C00552547,ZELDIN FOR CONGRESS,Lee Zeldin (former NY-01),4,,1,1,1,1,,,1,,1,,,1,1,1,,1
C00763953,ZELDIN FOR CONGRESS RECOUNT,Lee Zeldin (former NY-01),4,,1,1,1,1,,,1,,1,,,1,1,1,,1
C00632828,CLAUDIA TENNEY FOR CONGRESS,Claudia Tenney (NY-24),3,1,1,,1,,,,1,1,1,1,1,,1,1,1,1
C00635367,TENACIOUS PAC,Claudia Tenney (NY-24),3,1,1,,1,,,,1,1,1,1,1,,1,1,1,1
C00809574,CENTRAL NEW YORK PAC,Brandon Williams (NY-22),0,,,,,,,,,1,,,,,,,,
C00806307,BRANDON FOR CONGRESS NY22,Brandon Williams (NY-22),0,,,,,,,,,1,,,,,,,,
C00818971,WILLIAMS FOR NY-22,Brandon Williams (NY-22),0,,,,,,,,,1,,,,,,,,
C00699660,BISHOP FOR CONGRESS,Dan Bishop (NC-08),3,1,1,1,,,,,1,1,,1,,1,1,1,,1
C00737064,TAR HEEL PROSPERITY PAC,Dan Bishop (NC-08),3,1,1,1,,,,,1,1,,1,,1,1,1,,1
C00614776,TED BUDD FOR CONGRESS,"Ted Budd (former NC-13, now NC senator)",3,,1,1,1,,,,1,,1,,,1,1,1,1,1
C00614776,TED BUDD FOR SENATE,"Ted Budd (former NC-13, now NC senator)",3,,1,1,1,,,,1,,1,,,1,1,1,1,1
C00834507,BUILDING UP DEMOCRACY'S DREAM,"Ted Budd (former NC-13, now NC senator)",3,,1,1,1,,,,1,,1,,,1,1,1,1,1
C00633818,OLD NORTH STATE PAC,"Ted Budd (former NC-13, now NC senator)",3,,1,1,1,,,,1,,1,,,1,1,1,1,1
C00753863,MAKING A DIFFERENCE IN SERVICE TO OUR NATION PAC,Madison Cawthorn (former NC-11),1,,1,,,,,,1,,,,,,1,1,,1
C00732958,CAWTHORN FOR NC,Madison Cawthorn (former NC-11),1,,1,,,,,,1,,,,,,1,1,,1
C00828426,BLUE RIDGE VICTORY FUND,Chuck Edwards (NC-11),0,,,,,,,,,1,,,1,,,,,
C00796433,CHUCK EDWARDS FOR CONGRESS,Chuck Edwards (NC-11),0,,,,,,,,,1,,,1,,,,,
C00797878,ELLMERS FOR NC,Renee Ellmers (former NC-02),1,,,,,,1,,,,,,,,,,,
C00502187,CONSERVATIVES RESTORING EXCELLENCE (CRE-PAC),Renee Ellmers (former NC-02),1,,,,,,1,,,,,,,,,,,
C00386748,VIRGINIA FOXX FOR CONGRESS,Virginia Foxx (NC-05),2,1,1,,,,,,1,1,1,1,1,1,1,1,1,1
C00525212,VICTORY AND FREEDOM PAC (VAF PAC),Virginia Foxx (NC-05),2,1,1,,,,,,1,1,1,1,1,1,1,1,1,1
C00549725,CONSERVATIVE ROUNDTABLE,George Holding (former NC-02),3,,,1,1,1,,,,,1,,,,,,1,
C00499236,GEORGE HOLDING FOR CONGRESS INC.,George Holding (former NC-02),3,,,1,1,1,,,,,1,,,,,,1,
C00504522,HUDSON FOR CONGRESS,Richard Hudson (NC-09),6,1,1,1,1,1,1,,1,1,1,,1,1,1,1,1,1
C00540146,FIRST IN FREEDOM PAC,Richard Hudson (NC-09),6,1,1,1,1,1,1,,1,1,1,,1,1,1,1,1,1
C00305052,WALTER JONES COMMITTEE,Walter Jones (former NC-03),5,,,1,1,1,1,1,,,,,,,,,,
C00503094,MEADOWS FOR CONGRESS,Mark Meadows (former NC-11),4,,,1,1,1,1,,,,1,,,,,,1,
C00626903,YOUR VOICE COUNTS,Mark Meadows (former NC-11),4,,,1,1,1,1,,,,1,,,,,,1,
C00393629,MCHENRY FOR CONGRESS,Patrick McHenry (NC-10),4,,,,1,1,1,1,,1,1,,1,,1,1,1,1
C00540187,INNOVATION POLITICAL ACTION COMMITTEE,Patrick McHenry (NC-10),4,,,,1,1,1,1,,1,1,,1,,1,1,1,1
C00724229,VICTORY EAST,Gregory F. Murphy (NC-03),3,1,1,1,,,,,1,1,,,1,1,1,1,,1
C00697649,FRIENDS TO ELECT DR. GREG MURPHY TO CONGRESS,Gregory F. Murphy (NC-03),3,1,1,1,,,,,1,1,,,1,1,1,1,,1
C00514513,PITTENGER FOR CONGRESS LLC,Robert Pittenger (former NC-09),3,,,,1,1,1,,,,1,,,,,,1,
C00527531,FREE MARKETS PAC INC,Robert Pittenger (former NC-09),3,,,,1,1,1,,,,1,,,,,,1,
C00501643,DAVID ROUZER FOR CONGRESS,David Rouzer (NC-07),5,1,1,1,1,1,,,1,1,1,1,1,1,1,1,1,1
C00577288,DECIDING CRITICAL RACES PAC (DCR PAC),David Rouzer (NC-07),5,1,1,1,1,1,,,1,1,1,1,1,1,1,1,1,1
C00543231,WALKER 4 NC,Mark Walker (NC-06),2,,,1,1,,,,,,1,,,1,,,1,
C00615492,BATTLEGROUND PAC,Mark Walker (NC-06),2,,,1,1,,,,,,1,,,1,,,1,
C00474619,BERG FOR CONGRESS,Rick Berg (former ND-AL),1,,,,,,,1,,,,,,,,,,
C00505693,BUILDING EFFECTIVE RESPONSIBLE GOVERNMENT PAC (BERG PAC),Rick Berg (former ND-AL),1,,,,,,,1,,,,,,,,,,
C00543207,BADLANDS PAC,Kevin Cramer (former ND-AL),3,,,,1,1,1,,,,1,,,,,,1,
C00691915,PRAYERIE PAC,Kevin Cramer (former ND-AL),3,,,,1,1,1,,,,1,,,,,,1,
C00504704,CRAMER FOR SENATE,Kevin Cramer (former ND-AL),3,,,,1,1,1,,,,1,,,,,,1,
C00504704,CRAMER FOR CONGRESS,Kevin Cramer (former ND-AL),3,,,,1,1,1,,,,1,,,,,,1,
C00691147,ROUGHRIDER PAC,Kelly Armstrong (ND-AL),2,,1,1,,,,,,1,,,,,1,1,,1
C00670547,ARMSTRONG FOR CONGRESS,Kelly Armstrong (ND-AL),2,,1,1,,,,,,1,,,,,1,1,,1
C00662650,BALDERSON FOR CONGRESS,Troy Balderson (OH-12),3,1,1,1,,,,,,1,,,1,,1,1,,1
C00706176,YOUR OHIO REPUBLICAN TEAM,Troy Balderson (OH-12),3,1,1,1,,,,,,1,,,1,,1,1,,1
C00787879,CARRY ON PAC,Mike Carey (OH-15),2,1,1,,,,,,,1,,,1,,1,,,1
C00779603,CAREY FOR CONGRESS,Mike Carey (OH-15),2,1,1,,,,,,,1,,,1,,1,,,1
C00770818,MAX MILLER FOR CONGRESS,Max Miller (OH-07),0,,,,,,,,,1,,,,,,,,
C00775999,DEPENDABLE CONSERVATIVE LEADERSHIP PAC,Max Miller (OH-07),0,,,,,,,,,1,,,,,,,,
C00525238,IMPACT COMMITTEE,Mike Turner (OH-10),0,,,,,,,,,1,,,,,1,1,1,1
C00373001,CITIZENS FOR TURNER,Mike Turner (OH-10),0,,,,,,,,,1,,,,,1,1,1,1
C00301838,STEVE CHABOT FOR CONGRESS,Steve Chabot (former OH-01),6,,1,1,1,1,1,1,1,,1,,,,1,1,1,1
C00516013,WINNOVEMBER POLITICAL ACTION COMMITTEE,Steve Chabot (former OH-01),6,,1,1,1,1,1,1,1,,1,,,,1,1,1,1
C00634519,DEFEND FREEDOM POLITICAL ACTION COMMITTEE,Warren Davidson (OH-08),5,1,1,1,1,1,,,1,1,1,,,,1,1,1,1
C00600718,DAVIDSON FOR CONGRESS,Warren Davidson (OH-08),5,1,1,1,1,1,,,1,1,1,,,,1,1,1,1
C00466516,GIBBS FOR CONGRESS,Bob Gibbs (former OH-07),6,,1,1,1,1,1,1,1,,1,,,1,1,1,1,1
C00476820,JOHNSON FOR CONGRESS,Bill Johnson (former OH-06),7,1,1,1,1,1,1,1,1,1,1,,,1,1,1,1,1
C00545079,BELIEF IN LIFE AND LIBERTY POLITICAL ACTION COMMITTEE (BILL'S PAC),Bill Johnson (former OH-06),7,1,1,1,1,1,1,1,1,1,1,,,1,1,1,1,1
C00680819,BUCKEYE PAC,Anthony Gonzalez (former OH-16),0,,,,,,,,,,,,,,,1,,1
C00654079,ANTHONY GONZALEZ FOR CONGRESS,Anthony Gonzalez (former OH-16),0,,,,,,,,,,,,,,,1,,1
C00416594,JIM JORDAN FOR CONGRESS,Jim Jordan (OH-04),6,,1,1,1,1,1,1,1,,1,1,1,1,1,1,1,1
C00552851,HOUSE FREEDOM FUND,Jim Jordan (OH-04),6,,1,1,1,1,1,1,1,,1,1,1,1,1,1,1,1
C00693796,BUCKEYE LIBERTY POLITICAL ACTION COMMITTEE,Jim Jordan (OH-04),6,,1,1,1,1,1,1,1,,1,1,1,1,1,1,1,1
C00527457,FRIENDS OF DAVE JOYCE,David Joyce (OH-14),,,,,,,,,,,,,,,1,1,1,1
C00571216,DEFENDING AMERICAN VALUES EVERYWHERE PAC,David Joyce (OH-14),,,,,,,,,,,,,,,1,1,1,1
C00438697,LATTA FOR CONGRESS,Robert E. Latta (OH-05),7,1,1,1,1,1,1,1,,1,1,,1,1,1,1,1,1
C00485540,LEADERSHIP FOR AMERICA TODAY TOMORROW AND ALWAYS PAC,Robert E. Latta (OH-05),7,1,1,1,1,1,1,1,,1,1,,1,1,1,1,1,1
C00466359,JIM RENACCI FOR CONGRESS,James Renacci (former OH-16),4,,,,1,1,1,1,,,1,,,,,,,
C00494757,AMERICA'S FUTURE FUND PAC,James Renacci (former OH-16),4,,,,1,1,1,1,,,1,,,,,,,
C00410647,SCHMIDT FOR CONGRESS COMMITTEE,Jean Schmidt (former OH-02),1,,,,,,,1,,,,,,,,,,
C00501478,SUPPORT TO ENSURE VICTORY EVERYWHERE PAC-STEVE PAC,Stivers (OH),0,,,,,,,,,,1,,,,,1,1,
C00441352,STIVERS FOR CONGRESS,Stivers (OH),0,,,,,,,,,,1,,,,,1,1,
C00347492,FRIENDS OF TIBERI,Pat Tiberi (OH),0,,,,,,,,,,1,,,,,,1,
C00325357,PIONEER POLITICAL ACTION COMMITTEE,Pat Tiberi (OH),0,,,,,,,,,,1,,,,,,1,
C00590356,BUILDING AND RESTORING THE AMERICAN DREAM FUND,Brad Wenstrup (OH-02),5,,1,1,1,1,1,,,1,1,,1,1,1,1,1,1
C00497818,WENSTRUP FOR CONGRESS,Brad Wenstrup (OH-02),5,,1,1,1,1,1,,,1,1,,1,1,1,1,1,1
C00812974,JOSH BRECHEEN FOR CONGRESS,Josh Brecheen (OK-02),1,1,,,,,,,,1,,,1,,,,,
C00827394,BLESSING OF LIBERTY,Josh Brecheen (OK-02),1,1,,,,,,,,1,,,1,,,,,
C00502393,FRIENDS OF JIM BRIDENSTINE INC.,Jim Bridenstine (former OK-01),2,,,,,1,1,,,,1,,,,,,1,
C00571851,JOINING TO ELEVATE THE TRUTH PAC (JETT PAC),Jim Bridenstine (former OK-01),2,,,,,1,1,,,,1,,,,,,1,
C00703843,BICE FOR CONGRESS,Stephanie Bice (OK-05),0,,,,,,,,1,1,,,1,,1,1,,1
C00765644,BIG IDEAS CREATE EXCELLENCE - BICE PAC,Stephanie Bice (OK-05),0,,,,,,,,1,1,,,1,,1,1,,1
C00404392,CONSERVATIVE OPPORTUNITY LEADERSHIP AND ENTERPRISE PAC,Tom Cole (OK-04),6,1,,1,1,1,1,1,1,1,1,,,,1,1,1,1
C00379735,COLE FOR CONGRESS,Tom Cole (OK-04),6,1,,1,1,1,1,1,1,1,1,,,,1,1,1,1
C00636092,HERN FOR CONGRESS,Kevin Hern (OK-01),1,,,1,,,,,1,1,,1,1,1,1,1,,1
C00692715,HELP ELECT REPUBLICANS NOW,Kevin Hern (OK-01),1,,,1,,,,,1,1,,1,1,1,1,1,,1
C00466482,FAMILIES FOR JAMES LANKFORD,James Lankford (former OK-05),1,,,,,,,1,,,,,,,,,,
C00492058,LEADERSHIP AND ACCOUNTABILITY ARE NATIONAL KEYS PAC,James Lankford (former OK-05),1,,,,,,,1,,,,,,,,,,
C00489906,FUNDING DEVELOPING LEADERSHIP PAC,Frank Lucas (OK-03),0,,,,,,,,1,,1,,,,1,1,1,1
C00287912,LUCAS FOR CONGRESS,Frank Lucas (OK-03),0,,,,,,,,1,,1,,,,1,1,1,1
C00498345,MULLIN FOR CONGRESS,"Markwayne Mullin (former OK-02, now OK senator)",5,,1,1,1,1,1,,1,,1,,,1,1,1,1,1
C00567545,BOOTS POLITICAL ACTION COMMITTEE,"Markwayne Mullin (former OK-02, now OK senator)",5,,1,1,1,1,1,,1,,1,,,1,1,1,1,1
C00558510,STEVE RUSSELL FOR CONGRESS,Steve Russell (former OK-05),2,,,,1,1,,,,,1,,,,,,1,
C00569293,DEEDS NOT WORDS POLITICAL ACTION COMMITTEE,Steve Russell (former OK-05),2,,,,1,1,,,,,1,,,,,,1,
C00725465,CLIFF BENTZ FOR CONGRESS,Cliff Bentz (OR-02),2,1,1,,,,,,1,1,,1,1,,1,1,,1
C00761528,OREGON FRONTIER PAC,Cliff Bentz (OR-02),2,1,1,,,,,,1,1,,1,1,,1,1,,1
C00459123,NEW PIONEERS PAC,Greg Walden (OR),0,,,,,,,,,,1,,,,,,1,
C00333427,WALDEN FOR CONGRESS,Greg Walden (OR),0,,,,,,,,,,1,,,,,,1,
C00376004,LOU BARLETTA FOR CONGRESS 2002,Lou Barletta (PA-11),4,,,,1,1,1,1,,,1,,,,,,1,
C00564369,LEADERS ONLY UNITE POLITICAL ACTION COMMITTEE (AKA LOU PAC),Lou Barletta (PA-11),4,,,,1,1,1,1,,,1,,,,,,1,
C00580464,RACPAC,Ryan Costello (former PA-06),,,,,,,,,,,,,,,,,1,
C00465633,RYAN COSTELLO FOR CONGRESS,Ryan Costello (former PA-06),,,,,,,,,,,,,,,,,1,
C00386847,CHARLIE DENT FOR CONGRESS,Charles Dent (former PA-15),,,,,,,,,,,,,,,,,1,
C00647354,TEAM AMERICA - BRINGING AMERICA TOGETHER PAC,Brian Fitzpatrick (PA-01),,,,,,,,,,,,,,,,,1,1
C00607416,BRIAN FITZPATRICK FOR ALL OF US,Brian Fitzpatrick (PA-01),,,,,,,,,,,,,,,,,1,1
C00691501,RE-JOYCE PAC,John Joyce (PA-13),3,1,1,1,,,,,1,,,,,1,1,1,,1
C00674259,DR JOHN JOYCE FOR CONGRESS,John Joyce (PA-13),3,1,1,1,,,,,1,,,,,1,1,1,,1
C00697052,FRED KELLER FOR CONGRESS,Fred Keller (former PA-12),2,,1,1,,,,,1,,,,,1,1,1,,1
C00709709,FREEDOM RINGS EVERY DAY PAC,Fred Keller (former PA-12),2,,1,1,,,,,1,,,,,1,1,1,,1
C00474189,MIKE KELLY FOR CONGRESS,Mike Kelly (PA-16),6,,1,1,1,1,1,1,1,1,1,,1,1,1,1,1,1
C00475145,MARINO FOR CONGRESS,Tom Marino (former PA-10),4,,,,1,1,1,1,,,1,,,,,,1,
C00593475,MOVING AMERICA'S REPUBLICANS INTO NUMBER ONE PAC,Tom Marino (former PA-10),4,,,,1,1,1,1,,,1,,,,,,1,
C00526046,PATRIOTS LEADING A MAJORITY,Patrick Meehan (former PA-07),,,,,,,,,,,,,,,,,1,
C00466870,PAT MEEHAN FOR CONGRESS,Patrick Meehan (former PA-07),,,,,,,,,,,,,,,,,1,
C00372201,TIM MURPHY FOR CONGRESS,Tim Murphy (former PA-18),4,,,,1,1,1,1,,,1,,,,,,,
C00400457,COME BACK POLITICAL ACTION COMMITTEE,Tim Murphy (former PA-18),4,,,,1,1,1,1,,,1,,,,,,,
C00708172,DAN-PAFIRST PAC,Daniel Meuser (PA-09),2,,1,1,,,,,1,1,,,,1,1,1,,1
C00654723,MEUSER FOR CONGRESS,Daniel Meuser (PA-09),2,,1,1,,,,,1,1,,,,1,1,1,,1
C00510164,PATRIOTS FOR PERRY,Scott Perry (PA-10),4,1,1,1,1,,,,1,,1,1,,1,1,1,1,1
C00528075,FIRST CAPITAL PAC,Scott Perry (PA-10),4,1,1,1,1,,,,1,,1,1,,1,1,1,1,1
C00310136,FRIENDS OF JOE PITTS,Joseph Pitts (former PA-16),2,,,,,,1,1,,,,,,,,,,
C00402172,PITTSPAC,Joseph Pitts (former PA-16),2,,,,,,1,1,,,,,,,,,,
C00689208,RVFPAC,Guy Reschenthaler (PA-14),3,1,1,1,,,,,1,1,,,1,1,1,1,,1
C00657833,GUY FOR CONGRESS,Guy Reschenthaler (PA-14),3,1,1,1,,,,,1,1,,,1,1,1,1,,1
C00497115,ROTHFUS FOR CONGRESS,Keith Rothfus (former PA-12),3,,,,1,1,1,,,,1,,,,,,1,
C00467530,CITIZENS FOR ROTHFUS INC.,Keith Rothfus (former PA-12),3,,,,1,1,1,,,,1,,,,,,1,
C00412288,BILL PAC,Bill Shuster (former PA-09),3,,,,1,1,1,,,,1,,,,,,1,
C00364935,BILL SHUSTER FOR CONGRESS,Bill Shuster (former PA-09),3,,,,1,1,1,,,,1,,,,,,1,
C00599464,SMUCKER FOR CONGRESS,Lloyd Smucker (PA-11),4,1,1,1,1,,,,1,1,1,1,1,,1,1,1,1
C00656777,JAM PAC,Lloyd Smucker (PA-11),4,1,1,1,1,,,,1,1,1,1,1,,1,1,1,1
C00526715,GREATER TOMORROW POLITICAL ACTION COMMITTEE,Glenn Thompson (PA-15),6,1,1,1,1,1,1,,1,,1,,1,1,1,1,1,1
C00444620,FRIENDS OF GLENN THOMPSON,Glenn Thompson (PA-15),6,1,1,1,1,1,1,,1,,1,,1,1,1,1,1,1
C00460550,JEFF DUNCAN FOR CONGRESS,Jeff Duncan (SC-03),7,1,1,1,1,1,1,1,1,1,1,1,1,1,1,1,1,1
C00516724,"JOBS, ENERGY AND OUR FOUNDING FATHERS PAC-JEFF PAC",Jeff Duncan (SC-03),7,1,1,1,1,1,1,1,1,1,1,1,1,1,1,1,1,1
C00820209,BOOTSTRAP PRIORITIES PAC,Russell Fry (SC-07),0,,,,,,,,,1,,,1,,,,,
C00786657,FRY FOR CONGRESS,Russell Fry (SC-07),0,,,,,,,,,1,,,1,,,,,
C00462523,TREY GOWDY FOR CONGRESS,Trey Gowdy (former SC-04),4,,,,1,1,1,1,,,1,,,,,,1,
C00548206,THEMIS PAC,Trey Gowdy (former SC-04),4,,,,1,1,1,1,,,1,,,,,,1,
C00763326,MUST ACT TO CREATE EXCELLENCE PAC,Nancy Mace (SC-01),1,,1,,,,,,,,,,,,1,1,,1
C00710103,NANCY MACE FOR CONGRESS,Nancy Mace (SC-01),1,,1,,,,,,,,,,,,1,1,,1
C00471292,MULVANEY FOR CONGRESS,Mick Mulvaney (former SC-05),3,,,,,1,1,1,,,,,,,,,,
C00502591,MARKETPLACE IDEAS AND CONSERVATIVE KNOWLEDGE PAC-MICK PAC,Mick Mulvaney (former SC-05),3,,,,,1,1,1,,,,,,,,,,
C00781740,CONSERVATIVE OPPORTUNITY FUND,Ralph Norman (SC-05),3,,1,1,1,,,,1,1,,1,,1,1,1,1,1
C00633610,RALPH NORMAN FOR CONGRESS,Ralph Norman (SC-05),3,,1,1,1,,,,1,1,,1,,1,1,1,1,1
C00506048,TOM RICE FOR CONGRESS,Tom Rice (former SC-07),0,,,,,,,,1,,1,,,1,1,1,1,1
C00566117,REPUBLICANS IN CONGRESS EMPOWERING AMERICA,Tom Rice (former SC-07),0,,,,,,,,1,,1,,,1,1,1,1,1
C00579516,LOWCOUNTRY PALMETTO PAC,Mark Sanford (former SC-01),3,,,,1,1,1,,,,1,,,,,,1,
C00285254,SANFORD FOR CONGRESS,Mark Sanford (former SC-01),3,,,,1,1,1,,,,1,,,,,,1,
C00668491,WILLIAM TIMMONS FOR CONGRESS,William Timmons (SC-04),3,1,1,1,,,,,1,1,,1,1,1,1,1,,1
C00703173,UPSTATE SC PAC,William Timmons (SC-04),3,1,1,1,,,,,1,1,,1,1,1,1,1,,1
C00376756,SPEAK UP AMERICA POLITICAL ACTION COMMITTEE,Joe Wilson (SC-02),6,1,1,1,,1,1,1,1,1,1,1,1,1,1,1,1,1
C00368522,JOE WILSON FOR CONGRESS,Joe Wilson (SC-02),6,1,1,1,,1,1,1,1,1,1,1,1,1,1,1,1,1
C00628917,FRIENDS OF DUSTY JOHNSON,Dusty Johnson (SD-AL),3,1,1,1,,,,,,1,,1,,,1,1,,1
C00688549,DAKOTA LEADERSHIP PAC,Dusty Johnson (SD-AL),3,1,1,1,,,,,,1,,1,,,1,1,,1
C00493809,KRISTI PAC,Kristi Noem (former ND-AL),4,,,,1,1,1,1,,,1,,,,,,1,
C00476853,KRISTI FOR CONGRESS,Kristi Noem (former ND-AL),4,,,,1,1,1,1,,,1,,,,,,1,
C00472878,DIANE BLACK FOR CONGRESS,Diane Black (former TN-06),4,,,,1,1,1,1,,,1,,,,,,1,
C00499996,DEFENDING AND INVESTING IN AMERICA'S NEW ENDEAVORS PAC (DIANE PAC),Diane Black (former TN-06),4,,,,1,1,1,1,,,1,,,,,,1,
C00499996,DIANE PAC,Diane Black (former TN-06),4,,,,1,1,1,1,,,1,,,,,,1,
C00409276,MAKING A RESPONSIBLE STAND FOR HOUSEHOLDS IN AMERICA PAC,"Marsha Blackburn (former TN-07, now TN senator)",1,,,,1,,,,,,1,,,,,,1,
C00376939,"MARSHA BLACKBURN FOR CONGRESS, INC.","Marsha Blackburn (former TN-07, now TN senator)",1,,,,1,,,,,,1,,,,,,1,
C00750539,THE VOLUNTEER PAC,"Marsha Blackburn (former TN-07, now TN senator)",1,,,,1,,,,,,1,,,,,,1,
C00376939,MARSHA FOR SENATE,"Marsha Blackburn (former TN-07, now TN senator)",1,,,,1,,,,,,1,,,,,,1,
C00704411,VOLUNTEER ISSUES PAC INC,Tim Burchett (TN-02),3,1,1,1,,,,,1,,,1,1,1,1,1,,1
C00652149,BURCHETT FOR CONGRESS,Tim Burchett (TN-02),3,1,1,1,,,,,1,,,1,1,1,1,1,,1
C00464073,FRIENDS OF SCOTT DESJARLAIS,Scott DesJarlais (TN-04),4,,,1,,1,1,1,1,1,1,,,1,1,1,1,1
C00513523,TN4UPAC,Scott DesJarlais (TN-04),4,,,1,,1,1,1,1,1,1,,,1,1,1,1,1
C00385377,ROAD TO VICTORY POLITICAL ACTION COMMITTEE,John Duncan (former TN-02),3,,,,1,1,,1,,,1,,,,,,1,
C00229104,DUNCAN FOR CONGRESS,John Duncan (former TN-02),3,,,,1,1,,1,,,1,,,,,,1,
C00466854,STEVE FINCHER FOR CONGRESS,Stephen Lee Fincher (former TN-08),3,,,,,1,1,1,,,,,,,,,,
C00504365,FUNDING REPUBLICANS SUPPORTING OPPORTUNITY AND GROWTH - JUMP POLITICAL ACTION COMMITTEE,Stephen Lee Fincher (former TN-08),3,,,,,1,1,1,,,,,,,,,,
C00686402,NOOGA PAC,Chuck Fleischmann (TN-03),7,1,1,1,1,1,1,1,1,1,1,,1,1,1,1,1,1
C00461822,"CHUCK FLEISCHMANN FOR CONGRESS COMMITTEE, INC.",Chuck Fleischmann (TN-03),7,1,1,1,1,1,1,1,1,1,1,,1,1,1,1,1,1
C00687525,NEVER SURRENDER PAC,Mark E. Green (TN-07),3,1,1,1,,,,,1,1,,1,1,1,1,1,,1
C00658385,MARK GREEN FOR CONGRESS,Mark E. Green (TN-07),3,1,1,1,,,,,1,1,,1,1,1,1,1,,1
C00765578,TENNESSEE TOUGH PAC,Diana Harshbarger (TN-01),2,1,1,,,,,,1,1,,,1,,1,1,,1
C00741090,DIANA FOR CONGRESS,Diana Harshbarger (TN-01),2,1,1,,,,,,1,1,,,1,,1,1,,1
C00635219,DAVID PAC DELIVERING AMERICAN VALUES IN DC,David Kustoff (TN-08),4,1,1,1,1,,,,1,1,1,1,1,1,1,1,1,1
C00614826,KUSTOFF FOR CONGRESS,David Kustoff (TN-08),4,1,1,1,1,,,,1,1,1,1,1,1,1,1,1,1
C00816751,IT MATTERS WHO LEADS PAC,Andy Ogles (TN-05),1,1,,,,,,,,1,,,1,,,,,
C00811844,ANDY OGLES FOR CONGRESS,Andy Ogles (TN-05),1,1,,,,,,,,1,,,1,,,,,
C00528414,HEALTHCARE FREEDOM FUND,David Roe (former TN-01),5,,,1,1,1,1,1,,,1,,,,,,1,
C00444471,CITIZENS TO ELECT PHIL ROE TO CONGRESS,David Roe (former TN-01),5,,,1,1,1,1,1,,,1,,,,,,1,
C00697698,REPUBLICANS OFFERING SOLUTIONS FOR EVERYONE PAC,John Rose (TN-06),3,1,1,1,,,,,1,1,,1,1,1,1,1,,1
C00652743,JOHN ROSE FOR TENNESSEE,John Rose (TN-06),3,1,1,1,,,,,1,1,,1,1,1,1,1,,1
C00672733,BULLDOG PAC,Jodey Arrington (TX-19),4,1,1,1,1,,,,1,1,1,1,1,1,1,1,1,1
C00588657,TEXANS FOR JODEY ARRINGTON,Jodey Arrington (TX-19),4,1,1,1,1,,,,1,1,1,1,1,1,1,1,1,1
C00589994,BUILDING RENEWAL IN AMERICA NOW PAC,Brian Babin (TX-36),5,1,1,1,1,1,,,1,1,1,,1,1,1,1,1,1
C00553859,DR. BRIAN BABIN FOR CONGRESS,Brian Babin (TX-36),5,1,1,1,1,1,,,1,1,1,,1,1,1,1,1,1
C00195065,THE CONGRESSMAN JOE BARTON COMMITTEE,Joe Barton (former TX-06),4,,,,1,1,1,1,,,1,,,,,,1,
C00340661,TEXAS FREEDOM FUND,Joe Barton (former TX-06),4,,,,1,1,1,1,,,1,,,,,,1,
C00445379,MAKING AMERICA PROSPEROUS PAC,Kevin Brady (TX-08),6,,1,1,1,1,1,1,,,1,,,1,1,1,1,1
C00311043,BRADY FOR CONGRESS,Kevin Brady (TX-08),6,,1,1,1,1,1,1,,,1,,,1,1,1,1,1
C00415208,LONE STAR LEADERSHIP PAC,Michael C. Burgess (TX-26),6,,1,1,1,1,1,1,1,1,1,,1,1,1,1,1,1
C00372532,MICHAEL BURGESS FOR CONGRESS,Michael C. Burgess (TX-26),6,,1,1,1,1,1,1,1,1,1,,1,1,1,1,1,1
C00394353,CANSECO FOR CONGRESS,Francisco Canseco (former TX-23),1,,,,,,,1,,,,,,,,,,
C00427401,CONSERVATIVE & REPUBLICAN TOGETHER EQUALS RESULTS PAC,John R. Carter (TX-31),7,1,1,1,1,1,1,1,1,1,1,1,,,1,1,1,1
C00371203,JOHN CARTER FOR CONGRESS,John R. Carter (TX-31),7,1,1,1,1,1,1,1,1,1,1,1,,,1,1,1,1
C00729616,CITY ON A HILL PAC,Michael Cloud (TX-27),3,1,1,1,,,,,1,1,,,1,1,1,1,,1
C00655332,CLOUD FOR CONGRESS,Michael Cloud (TX-27),3,1,1,1,,,,,1,1,,,1,1,1,1,,1
C00383828,CONAWAY FOR CONGRESS,Michael Conaway (former TX-11),4,,,1,1,1,1,,,,1,,,1,,,1,
C00409458,CONSERVATIVE OPPORTUNITIES FOR A NEW AMERICA PAC,Michael Conaway (former TX-11),4,,,1,1,1,1,,,,1,,,1,,,1,
C00686816,AMERICA RELOADED,Dan Crenshaw (TX-02),0,,,,,,,,,1,,,1,1,1,1,,1
C00660795,DAN CRENSHAW FOR CONGRESS,Dan Crenshaw (TX-02),0,,,,,,,,,1,,,1,1,1,1,,1
C00343236,CULBERSON FOR CONGRESS,John Culberson (TX),0,,,,,,,,,,1,,,,,,1,
C00588749,LET TEXANS RUN TEXAS PAC,John Culberson (TX),0,,,,,,,,,,1,,,,,,1,
C00808717,KEEP TEXAS TEXAS PAC,Monica De La Cruz (TX-15),0,,,,,,,,,1,,,,,,,,
C00765719,MONICA FOR CONGRESS,Monica De La Cruz (TX-15),0,,,,,,,,,1,,,,,,,,
C00775858,DE LA CRUZ FOR TX-15,Monica De La Cruz (TX-15),0,,,,,,,,,1,,,,,,,,
C00786368,31 DAYS PAC,Jake Ellzey (TX-06),2,1,1,,,,,,,1,,,1,,1,,,1
C00770438,JAKE ELLZEY FOR CONGRESS,Jake Ellzey (TX-06),2,1,1,,,,,,,1,,,1,,1,,,1
C00758722,PATRIOTS ALWAYS TRIUMPH,Pat Fallon (TX-04),2,1,1,,,,,,1,1,,,,,1,1,,1
C00750307,FALLON FOR CONGRESS,Pat Fallon (TX-04),2,1,1,,,,,,1,1,,,,,1,1,,1
C00529834,BRIGHTER FUTURES PAC (BF PAC),Blake Farenthold (former TX-27),4,,,,1,1,1,1,,,1,,,,,,1,
C00473736,ELECT BLAKE FARENTHOLD COMMITTEE,Blake Farenthold (former TX-27),4,,,,1,1,1,1,,,1,,,,,,1,
C00472241,BILL FLORES FOR CONGRESS,Bill Flores (former TX-17),5,,,1,1,1,1,1,,,1,,,1,,,1,
C00527275,BILL PAC,Bill Flores (former TX-17),5,,,1,1,1,1,1,,,1,,,1,,,1,
C00819854,EL SUENO AMERICANO,Mayra Flores (formerly TX-34),1,,1,,,,,,,,,,,,,,,1
C00768994,MAYRA FLORES FOR CONGRESS,Mayra Flores (formerly TX-34),1,,1,,,,,,,,,,,,,,,1
C00386532,LOUIE GOHMERT FOR CONGRESS COMMITTEE,Louie Gohmert (former TX-01),5,,1,1,1,1,1,,1,,1,,,1,1,1,1,1
C00528596,GROW OUR HOUSE PAC,Louie Gohmert (former TX-01),5,,1,1,1,1,1,,1,,1,,,1,1,1,1,1
C00755173,HONOR COURAGE COMMITMENT PAC,Tony Gonzales (TX-23),2,1,1,,,,,,,1,,,1,,1,1,,1
C00706614,TONY GONZALES FOR CONGRESS,Tony Gonzales (TX-23),2,1,1,,,,,,,1,,,1,,1,1,,1
C00685115,GROWING OUR OWN DYNAMIC ECONOMY NOW,Lance Gooden (TX-05),3,1,1,1,,,,,1,1,,1,1,1,1,1,,1
C00662601,LANCE GOODEN FOR CONGRESS COMMITTEE,Lance Gooden (TX-05),3,1,1,1,,,,,1,1,,1,1,1,1,1,,1
C00345058,COMMON SENSE COMMON SOLUTIONS POLITICAL ACTION COMMITTEE,Kay Granger (TX-12),1,,,1,,,,,,1,1,1,,,1,1,1,1
C00310532,KAY GRANGER CAMPAIGN FUND,Kay Granger (TX-12),1,,,1,,,,,,1,1,1,,,1,1,1,1
C00120683,"HALL FOR CONGRESS COMMITTEE (RALPH HALL - ROCKWALL, TEXAS)",Ralph Hall (former TX-04),2,,,,,,1,1,,,,,,,,,,
C00370650,FRIENDS OF JEB HENSARLING,Jeb Hensarling (TX),0,,,,,,,,,,1,,,,,,1,
C00420695,"JOBS, ECONOMY AND BUDGET FUND (JEB FUND)",Jeb Hensarling (TX),0,,,,,,,,,,1,,,,,,1,
C00807412,HELLFIRE PAC,Wesley Hunt (TX-38),1,1,,,,,,,,,,,,,,,,
C00701003,HUNT FOR CONGRESS,Wesley Hunt (TX-38),1,1,,,,,,,,,,,,,,,,
C00798306,HUNT FOR TX-38,Wesley Hunt (TX-38),1,1,,,,,,,,,,,,,,,,
C00605212,HAVING UNWAVERING RESOLVE AND DETERMINATION PAC,Y,,,,,,,,,,,,,,,,,,
C00545467,HURD FOR CONGRESS,WiIliam Hurd (former TX-23),,,,,,,,,,,,,,,,,1,
C00753384,TEXAS RED,Ronny Jackson (TX-13),2,1,1,,,,,,1,1,,1,1,,1,1,,1
C00730531,TEXANS FOR RONNY JACKSON,Ronny Jackson (TX-13),2,1,1,,,,,,1,1,,1,1,,1,1,,1
C00250720,FRIENDS OF SAM JOHNSON,Sam Johnson (former TX-03),4,,,,1,1,1,1,,,1,,,,,,1,
C00345702,SECURE AMERICA'S MAJORITY PAC,Sam Johnson (former TX-03),4,,,,1,1,1,1,,,1,,,,,,1,
C00813162,NO EASY DAY PAC,Morgan Luttrell (TX-08),1,1,,,,,,,,1,,,,,,,,
C00781112,TEXANS FOR MORGAN LUTTRELL,Morgan Luttrell (TX-08),1,1,,,,,,,,1,,,,,,,,
C00393348,KENNY MARCHANT FOR CONGRESS,Kenny Marchant (former TX-24),5,,,1,1,1,1,1,,,1,,,1,,,1,
C00594473,KEN PAC,Kenny Marchant (former TX-24),5,,,1,1,1,1,1,,,1,,,1,,,1,
C00481531,TEXAS REPUBLICANS UNITED POLITICAL ACTION COMMITTEE (TRU PAC),Michael McCaul (TX-10),5,,1,1,1,,1,1,,1,1,,,,1,1,1,1
C00392688,"MCCAUL FOR CONGRESS, INC",Michael McCaul (TX-10),5,,1,1,1,,1,1,,1,1,,,,1,1,1,1
C00812586,FIRST IN TEXAS PAC,Nathaniel Moran (TX-01),1,1,,,,,,,,1,,,1,,,,,
C00796086,NATHANIEL MORAN FOR CONGRESS,Nathaniel Moran (TX-01),1,1,,,,,,,,1,,,1,,,,,
C00757120,NOW ELECTING HONEST LEADERSHIP AND SERVICE PAC,Troy Nehls (TX-22),1,,1,,,,,,1,1,,1,,,1,1,,1
C00730150,NEHLS FOR CONGRESS,Troy Nehls (TX-22),1,,1,,,,,,1,1,,1,,,1,1,,1
C00384016,NEUGEBAUER CONGRESSIONAL COMMITTEE,Randy Neugebauer (former TX-19),3,,,,,1,1,1,,,,,,,,,,
C00446625,LIBERTY PROJECT,Randy Neugebauer (former TX-19),3,,,,,1,1,1,,,,,,,,,,
C00437913,OLSON FOR CONGRESS COMMITTEE,Pete Olson (former TX-22),5,,,1,1,1,1,1,,,1,,,,,,1,
C00491910,FREEDOM MATTERS PAC,Pete Olson (former TX-22),5,,,1,1,1,1,1,,,1,,,,,,1,
C00392670,POE FOR CONGRESS,Ted Poe (former TX-02),3,,,,1,1,1,,,,1,,,,,,1,
C00749481,RAPTOR PAC,August Pfluger (TX-11),2,1,1,,,,,,1,1,,1,1,,1,1,,1
C00719294,AUGUST PFLUGER FOR CONGRESS,August Pfluger (TX-11),2,1,1,,,,,,1,1,,1,1,,1,1,,1
C00554113,RATCLIFFE FOR CONGRESS,John Ratcliffe (former TX-04),3,,,1,1,1,,,,,1,,,,,,1,
C00627661,LONE STAR LIBERTY FUND,John Ratcliffe (former TX-04),3,,,1,1,1,,,,,1,,,,,,1,
C00693895,COME AND TAKE IT POLITICAL ACTION COMMITTEE,Chip Roy (TX-21),2,,1,1,,,,,,1,,1,,,1,1,,1
C00662767,CHIP ROY FOR CONGRESS,Chip Roy (TX-21),2,,1,1,,,,,,1,,1,,,1,1,,1
C00791293,SELF FOR CONGRESS,Keith Self (TX-03),1,1,,,,,,,,1,,,,,,,,
C00821959,ALL AMERICAN PAC,Keith Self (TX-03),1,1,,,,,,,,1,,,,,,,,
C00303305,PETE SESSIONS FOR CONGRESS,Pete Sessions (TX-17),5,1,1,,1,1,1,,1,1,1,1,1,,1,1,1,1
C00363770,PEOPLE FOR ENTERPRISE TRADE AND ECONOMIC GROWTH (PETE PAC),Pete Sessions (TX-17),5,1,1,,1,1,1,,1,1,1,1,1,,1,1,1,1
C00197160,TEXANS FOR LAMAR SMITH,Lamar Smith (TX),0,,,,,,,,,,1,,,,,,,
C00402602,LONGHORN PAC,Lamar Smith (TX),0,,,,,,,,,,1,,,,,,,
C00518241,FRIENDS OF CONGRESSMAN STEVE STOCKMAN,Steve Stockman (former TX-36),1,,,,,,1,,,,,,,,,,,
C00692087,VICTORY AND NATION PAC,Van Taylor (TX),0,,,,,,,,,,,1,,,1,1,1,1
C00653634,VAN TAYLOR CAMPAIGN,Van Taylor (TX),0,,,,,,,,,,,1,,,1,1,1,1
C00286187,THORNBERRY FOR CONGRESS COMMITTEE,Mac Thornberry (TX),0,,,,,,,,,,1,,,,,,1,
C00404418,STAND TALL AMERICA PAC (STAPAC),Mac Thornberry (TX),0,,,,,,,,,,1,,,,,,1,
C00762930,BE VICTORIOUS OVER DEMOCRATS PAC,Beth Van Duyne (TX-24),2,1,1,,,,,,1,1,,,1,,1,1,,1
C00714865,BETH VAN DUYNE FOR CONGRESS,Beth Van Duyne (TX-24),2,1,1,,,,,,1,1,,,1,,1,1,,1
C00553883,BUILDING AMERICAN CONSERVATISM PAC,Randy Weber (TX-14),6,1,1,1,1,1,1,,1,1,1,1,1,1,1,1,1,1
C00502229,WEBER FOR CONGRESS,Randy Weber (TX-14),6,1,1,1,1,1,1,,1,1,1,1,1,1,1,1,1,1
C00531590,PATRIOTS IN ACTION,Roger Williams (TX-25),4,1,1,1,1,,,,1,1,1,1,,1,1,1,1,1
C00498121,ROGER WILLIAMS FOR U S CONGRESS COMMITTEE,Roger Williams (TX-25),4,1,1,1,1,,,,1,1,1,1,,1,1,1,1,1
C00662171,RON WRIGHT FOR CONGRESS,Ron Wright (former TX-06),1,,,1,,,,,1,,,,,1,,,,
C00763789,REPUBLICANS OFFER NEW SOLUTIONS PAC,Ron Wright (former TX-06),1,,,1,,,,,1,,,,,1,,,,
C00374231,ROB BISHOP FOR CONGRESS,Rob Bishop (former UT-01),4,,,1,1,1,,1,,,1,,,,,,1,
C00452771,PIONEER PAC,Rob Bishop (former UT-01),4,,,1,1,1,,1,,,1,,,,,,1,
C00431684,FRIENDS OF JASON CHAFFETZ,Jason Chaffetz (former UT-03),2,,,,,1,1,,,,,,,,,,,
C00431684,FRIENDS OF CHAFFETZ,Jason Chaffetz (former UT-03),2,,,,,1,1,,,,,,,,,,,
C00491183,AMERICAN VICTORY PAC,Jason Chaffetz (former UT-03),2,,,,,1,1,,,,,,,,,,,
C00654186,CONSERVATIVE CLIMATE PAC,John Curtis (UT-03),0,,,,,,,,,1,1,1,1,,1,1,1,1
C00647339,CURTIS FOR CONGRESS,John Curtis (UT-03),0,,,,,,,,,1,1,1,1,,1,1,1,1
C00505776,FRIENDS OF MIA LOVE,Mia Love (former UT-04),2,,,,1,1,,,,,1,,,,,,1,
C00541680,"LIMITED GOVERNMENT, OPPORTUNITY AND VALUES PAC (LOV PAC)",Mia Love (former UT-04),2,,,,1,1,,,,,1,,,,,,1,
C00738872,BLAKE MOORE FOR CONGRESS,Blake Moore (UT-01),1,,1,,,,,,,1,,1,1,,1,1,,1
C00769125,DREAM BIG PAC,Burgess Owens (UT-04),2,1,1,,,,,,1,1,,1,,,1,1,,1
C00725853,BURGESS 4 UTAH,Burgess Owens (UT-04),2,1,1,,,,,,1,1,,1,,,1,1,,1
C00571521,FREEDOM 21: FIGHTING FOR FREEDOM IN THE 21ST CENTURY,Chris Stewart (former UT-02),2,,,,,1,1,,1,1,1,1,,,1,1,1,1
C00506931,"FRIENDS FOR CHRIS STEWART, INC.",Chris Stewart (former UT-02),2,,,,,1,1,,1,1,1,1,,,1,1,1,1
C00588335,BUILDING AND RESTORING AMERICA TOGETHER POLITICAL ACTION COMMITTEE,Dave Brat (former VA-07),1,,,,,1,,,,,1,,,,,,1,
C00554949,FRIENDS OF DAVE BRAT INC.,Dave Brat (former VA-07),1,,,,,1,,,,,1,,,,,,1,
C00798025,CONSERVATIVE LEADERSHIP IN ELECTIONS PAC,Ben Cline (VA-06),3,1,1,1,,,,,1,1,,,1,1,1,1,,1
C00661561,"BEN CLINE FOR CONGRESS, INC.",Ben Cline (VA-06),3,1,1,1,,,,,1,1,,,1,1,1,1,,1
C00585554,NOVA POLITICAL ACTION COMMITTEE,Barbara Comstock (former VA-10),,,,,,,,,,,,,,,,,1,
C00554261,COMSTOCK FOR CONGRESS,Barbara Comstock (former VA-10),,,,,,,,,,,,,,,,,1,
C00365692,FORBES FOR CONGRESS,J. Randy Forbes (former VA-04),3,,,,,1,1,1,,,,,,,,,,
C00388223,CONSERVATIVE LEADERSHIP FUND,J. Randy Forbes (former VA-04),3,,,,,1,1,1,,,,,,,,,,
C00607101,TOM GARRETT FOR CONGRESS,Thomas Garrett (former VA-05),1,,,,1,,,,,,1,,,,,,1,
C00721308,GOOD FOR CONGRESS,Bob Good (VA-05),2,1,1,,,,,,1,1,,1,1,,1,1,,1
C00801993,VA CONSERVATIVE LEADERSHIP FUND,Bob Good (VA-05),2,1,1,,,,,,1,1,,1,1,,1,1,,1
C00257956,BOB GOODLATTE FOR CONGRESS COMMITTEE,Goodlatte (VA),2,,,,,,1,1,,,1,,,,,,1,
C00409185,THE GOOD FUND,Goodlatte (VA),2,,,,,,1,1,,,1,,,,,,1,
C00520841,FIGHTIN' NINTH POLITICAL ACTION COMMITTEE,Morgan Griffith (VA-09),0,,,,,,,,1,,1,1,,1,1,1,1,1
C00477240,MORGAN GRIFFITH FOR CONGRESS,Morgan Griffith (VA-09),0,,,,,,,,1,,1,1,,1,1,1,1,1
C00496323,HELP UNITE REPUBLICANS TODAY POLITICAL ACTION COMMITTEE,Robert Hurt (former VA-05),3,,,,,1,1,1,,,,,,,,,,
C00468405,ROBERT HURT FOR CONGRESS,Robert Hurt (former VA-05),3,,,,,1,1,1,,,,,,,,,,
C00463687,SCOTT RIGELL FOR CONGRESS,Scott Rigell (former VA-02),1,,,,,,,1,,,,,,,,,,
C00503581,BETTER LEADERSHIP - BETTER AMERICA PAC,Scott Rigell (former VA-02),1,,,,,,,1,,,,,,,,,,
C00733394,TAYLOR FOR CONGRESS 2020,Taylor (VA),0,,,,,,,,,,1,,,,,,,
C00702910,TAYLOR FOR VA-02,Taylor (VA),0,,,,,,,,,,1,,,,,,,
C00608703,SCOTT TAYLOR FOR CONGRESS,Taylor (VA),0,,,,,,,,,,1,,,,,,,
C00524314,AMERICA'S FIRST PAC,Robert J. Wittman (VA-01),5,,1,1,,1,1,1,1,1,1,,,1,1,1,1,1
C00441014,ROB WITTMAN FOR CONGRESS,Robert J. Wittman (VA-01),5,,1,1,,1,1,1,1,1,1,,,1,1,1,1,1
C00390476,CATHY MCMORRIS RODGERS FOR CONGRESS,Cathy McMorris Rodgers (WA-05),3,1,1,1,,,,,,1,1,1,,1,1,1,1,1
C00469429,CMR POLITICAL ACTION COMMITTEE,Cathy McMorris Rodgers (WA-05),3,1,1,1,,,,,,1,1,1,,1,1,1,1,1
C00611400,NEW ENERGY IN WASHINGTON HOUSE PAC (N.E.W. HOUSE PAC),Dan Newhouse (WA-04),4,,1,1,1,1,,,,1,,,,1,1,1,1,1
C00559393,DAN NEWHOUSE FOR CONGRESS,Dan Newhouse (WA-04),4,,1,1,1,1,,,,1,,,,1,1,1,1,1
C00521310,LIBERTY FUND; THE,Jaime Herrera Beutler (formerly WA-03),6,,1,1,1,1,1,1,,,,,,,1,1,1,1
C00472704,JAIME FOR CONGRESS,Jaime Herrera Beutler (formerly WA-03),6,,1,1,1,1,1,1,,,,,,,1,1,1,1
C00474841,SHERIFF PAC,Dave Reichert (former WA-08),,,,,,,,,,,,,,,,,1,
C00397737,FRIENDS OF DAVE REICHERT,Dave Reichert (former WA-08),,,,,,,,,,,,,,,,,1,
C00548271,JENKINS FOR CONGRESS,Evan Jenkins (former WV-03),2,,,,1,1,,,,,1,,,,,,1,
C00619585,MOUNTAIN STATE VICTORY PAC,Evan Jenkins (former WV-03),2,,,,1,1,,,,,1,,,,,,1,
C00540393,DBM PAC,David McKinley (formerly WV-01),3,,1,,1,1,,,,,1,,,,,1,1,1
C00473132,MCKINLEY FOR CONGRESS,David McKinley (formerly WV-01),4,,1,1,1,1,,,,,1,,,,,1,1,1
C00691626,CUT THE BULL PAC,Carol Miller (WV-01),3,1,1,1,,,,,1,,,,1,1,1,1,,1
C00653220,CAROL FOR CONGRESS,Carol Miller (WV-01),3,1,1,1,,,,,1,,,,1,1,1,1,,1
C00641142,AMERICANS FOR LEGISLATING EXCELLENCE PAC,Alexander X. Mooney (WV-02),5,1,1,1,1,1,,,1,1,1,1,1,1,1,1,1,1
C00768705,MOONEY FOR CONGRESS 2022,Alexander X. Mooney (WV-02),5,1,1,1,1,1,,,1,1,1,1,1,1,1,1,1,1
C00629949,ALEX MOONEY FOR CONGRESS,Alexander X. Mooney (WV-02),5,1,1,1,1,1,,,1,1,1,1,1,1,1,1,1,1
C00464339,DUFFY FOR WISCONSIN,Sean Duffy (WI),2,,,1,,,,1,,,1,,,,,,1,
C00506535,AX PAC,Sean Duffy (WI),2,,,1,,,,1,,,1,,,,,,1,
C00760694,SCONNIE PAC,Scott Fitzgerald (WI-05),2,1,1,,,,,,1,1,,,1,,1,1,,1
C00720011,SCOTT FITZGERALD FOR CONGRESS,Scott Fitzgerald (WI-05),2,1,1,,,,,,1,1,,,1,,1,1,,1
C00657262,GO PAC GO,Mike Gallagher (WI-08),4,1,1,1,1,,,,,,1,,,,1,1,1,
C00610212,MIKE GALLAGHER FOR WISCONSIN,Mike Gallagher (WI-08),4,1,1,1,1,,,,,,1,,,,1,1,1,
C00747204,DAM MAN PAC,Tom Tiffany (WI-07),0,,,,,,,,1,1,,1,,1,1,,,1
C00718635,"TIFFANY FOR WISCONSIN, INC.",Tom Tiffany (WI-07),0,,,,,,,,1,1,,1,,1,1,,,1
C00628669,1848 PAC,Glenn Grothman (WI-06),5,1,1,1,1,1,,,,1,1,,,,1,1,1,1
C00561597,GLENN GROTHMAN FOR CONGRESS,Glenn Grothman (WI-06),5,1,1,1,1,1,,,,1,1,,,,1,1,1,1
C00463620,RIBBLE FOR CONGRESS,Reid Ribble (former (WI-08),3,,,,,1,1,1,,,,,,,,,,
C00505297,TITLETOWN PAC,Reid Ribble (former (WI-08),3,,,,,1,1,1,,,,,,,,,,
C00377689,"PROSPERITY ACTION, INC.",Paul Ryan (former WI),0,,,,,,,,,,1,,,,,,1,
C00330894,"RYAN FOR CONGRESS, INC.",Paul Ryan (former WI),0,,,,,,,,,,1,,,,,,1,
C00083428,SENSENBRENNER COMMITTEE,James Sensenbrenner (former WI-05),2,,,1,1,,,,,,1,,,,,,1,
C00697326,"ON WISCONSIN PAC, INC.",Bryan Steil (WI-01),0,,,,,,,,,1,,,,,1,1,,1
C00677286,"STEIL FOR WISCONSIN, INC.",Bryan Steil (WI-01),0,,,,,,,,,1,,,,,1,1,,1
C00607556,THE GREAT TASK,Liz Cheney (formerly WY-AL),3,,1,1,1,,,,,,1,,,,1,1,1,1
C00607556,LIZ CHENEY FOR WYOMING,Liz Cheney (formerly WY-AL),3,,1,1,1,,,,,,1,,,,1,1,1,1
C00799809,1890 PAC,Harriet Hageman (WY-AL),1,1,,,,,,,,1,,,1,,,,,
C00788943,HAGEMAN FOR WYOMING,Harriet Hageman (WY-AL),1,1,,,,,,,,1,,,1,,,,,
C00853622,PROTECTING THE PACIFIC PAC,James Moylan (Guam Delegate),0,,,,,,,,,1,,,,,,,,
C00809343,JAMES MOYLAN FOR CONGRESS,James Moylan (Guam Delegate),0,,,,,,,,,1,,,,,,,,